DATAFLOW,REF_AREA,FREQ,UNIT_MEASURE,SOURCE_DETAIL,MEASURE,GSA_TRANS,GSA_TYPE,ECON_VAR,ISIC,PRICES,EXPEND,BOP_ITEM,BOP_TYPE,INC_ITEM,PUB_ITEM,TIME_PERIOD,OBS_VALUE,OBS_STATUS,UNIT_MULT,OBS_COMMENT,DECIMALS
FCSA:DF_NA_ISIC_CUR(3.4.0),AE,A,MILAED,FCSC,GDP,_Z,_Z,_Z,MN,CUR,_Z,_Z,_Z,_Z,_Z,2010,51861.20851,,,,0
FCSA:DF_NA_ISIC_CUR(3.4.0),AE,A,MILAED,FCSC,GDP,_Z,_Z,_Z,MN,CUR,_Z,_Z,_Z,_Z,_Z,2011,53889.97118,,,,0
FCSA:DF_NA_ISIC_CUR(3.4.0),AE,A,MILAED,FCSC,GDP,_Z,_Z,_Z,MN,CUR,_Z,_Z,_Z,_Z,_Z,2012,56391.37116,,,,0
FCSA:DF_NA_ISIC_CUR(3.4.0),AE,A,MILAED,FCSC,GDP,_Z,_Z,_Z,MN,CUR,_Z,_Z,_Z,_Z,_Z,2013,61878.44005,,,,0
FCSA:DF_NA_ISIC_CUR(3.4.0),AE,A,MILAED,FCSC,GDP,_Z,_Z,_Z,MN,CUR,_Z,_Z,_Z,_Z,_Z,2014,66834.82002,,,,0
FCSA:DF_NA_ISIC_CUR(3.4.0),AE,A,MILAED,FCSC,GDP,_Z,_Z,_Z,MN,CUR,_Z,_Z,_Z,_Z,_Z,2015,70207.57486,,,,0
FCSA:DF_NA_ISIC_CUR(3.4.0),AE,A,MILAED,FCSC,GDP,_Z,_Z,_Z,MN,CUR,_Z,_Z,_Z,_Z,_Z,2016,74286.5071,,,,0
FCSA:DF_NA_ISIC_CUR(3.4.0),AE,A,MILAED,FCSC,GDP,_Z,_Z,_Z,MN,CUR,_Z,_Z,_Z,_Z,_Z,2017,73399.58404,,,,0
FCSA:DF_NA_ISIC_CUR(3.4.0),AE,A,MILAED,FCSC,GDP,_Z,_Z,_Z,MN,CUR,_Z,_Z,_Z,_Z,_Z,2018,77037.53898,,,,0
FCSA:DF_NA_ISIC_CUR(3.4.0),AE,A,MILAED,FCSC,GDP,_Z,_Z,_Z,MN,CUR,_Z,_Z,_Z,_Z,_Z,2019,80628.31105,,,,0
FCSA:DF_NA_ISIC_CUR(3.4.0),AE,A,MILAED,FCSC,GDP,_Z,_Z,_Z,MN,CUR,_Z,_Z,_Z,_Z,_Z,2020,69736.62369,,,,0
FCSA:DF_NA_ISIC_CUR(3.4.0),AE,A,MILAED,FCSC,GDP,_Z,_Z,_Z,MN,CUR,_Z,_Z,_Z,_Z,_Z,2021,75331.93623,,,,0
FCSA:DF_NA_ISIC_CUR(3.4.0),AE,A,MILAED,FCSC,GDP,_Z,_Z,_Z,MN,CUR,_Z,_Z,_Z,_Z,_Z,2022,82317.24391,,,,0
FCSA:DF_NA_ISIC_CUR(3.4.0),AE,A,MILAED,FCSC,GDP,_Z,_Z,_Z,MN,CUR,_Z,_Z,_Z,_Z,_Z,2023,93493.63183,,,,0
FCSA:DF_NA_ISIC_CUR(3.4.0),AE,A,MILAED,FCSC,GDP,_Z,_Z,_Z,MN,CUR,_Z,_Z,_Z,_Z,_Z,2024,98120.61345,,,,0
FCSA:DF_NA_ISIC_CUR(3.4.0),AE,A,MILAED,FCSC,GDP,_Z,_Z,_Z,J,CUR,_Z,_Z,_Z,_Z,_Z,2010,31842.39645,,,,0
FCSA:DF_NA_ISIC_CUR(3.4.0),AE,A,MILAED,FCSC,GDP,_Z,_Z,_Z,J,CUR,_Z,_Z,_Z,_Z,_Z,2011,32103.79251,,,,0
FCSA:DF_NA_ISIC_CUR(3.4.0),AE,A,MILAED,FCSC,GDP,_Z,_Z,_Z,J,CUR,_Z,_Z,_Z,_Z,_Z,2012,32688.87563,,,,0
FCSA:DF_NA_ISIC_CUR(3.4.0),AE,A,MILAED,FCSC,GDP,_Z,_Z,_Z,J,CUR,_Z,_Z,_Z,_Z,_Z,2013,33676.4324,,,,0
FCSA:DF_NA_ISIC_CUR(3.4.0),AE,A,MILAED,FCSC,GDP,_Z,_Z,_Z,J,CUR,_Z,_Z,_Z,_Z,_Z,2014,37102.53792,,,,0
FCSA:DF_NA_ISIC_CUR(3.4.0),AE,A,MILAED,FCSC,GDP,_Z,_Z,_Z,J,CUR,_Z,_Z,_Z,_Z,_Z,2015,38976.38616,,,,0
FCSA:DF_NA_ISIC_CUR(3.4.0),AE,A,MILAED,FCSC,GDP,_Z,_Z,_Z,J,CUR,_Z,_Z,_Z,_Z,_Z,2016,41277.23777,,,,0
FCSA:DF_NA_ISIC_CUR(3.4.0),AE,A,MILAED,FCSC,GDP,_Z,_Z,_Z,J,CUR,_Z,_Z,_Z,_Z,_Z,2017,43592.07413,,,,0
FCSA:DF_NA_ISIC_CUR(3.4.0),AE,A,MILAED,FCSC,GDP,_Z,_Z,_Z,J,CUR,_Z,_Z,_Z,_Z,_Z,2018,44517.0793,,,,0
FCSA:DF_NA_ISIC_CUR(3.4.0),AE,A,MILAED,FCSC,GDP,_Z,_Z,_Z,J,CUR,_Z,_Z,_Z,_Z,_Z,2019,46602.83088,,,,0
FCSA:DF_NA_ISIC_CUR(3.4.0),AE,A,MILAED,FCSC,GDP,_Z,_Z,_Z,J,CUR,_Z,_Z,_Z,_Z,_Z,2020,46240.36005,,,,0
FCSA:DF_NA_ISIC_CUR(3.4.0),AE,A,MILAED,FCSC,GDP,_Z,_Z,_Z,J,CUR,_Z,_Z,_Z,_Z,_Z,2021,47504.83721,,,,0
FCSA:DF_NA_ISIC_CUR(3.4.0),AE,A,MILAED,FCSC,GDP,_Z,_Z,_Z,J,CUR,_Z,_Z,_Z,_Z,_Z,2022,50359.083,,,,0
FCSA:DF_NA_ISIC_CUR(3.4.0),AE,A,MILAED,FCSC,GDP,_Z,_Z,_Z,J,CUR,_Z,_Z,_Z,_Z,_Z,2023,52408.60863,,,,0
FCSA:DF_NA_ISIC_CUR(3.4.0),AE,A,MILAED,FCSC,GDP,_Z,_Z,_Z,J,CUR,_Z,_Z,_Z,_Z,_Z,2024,55422.41852,,,,0
FCSA:DF_NA_ISIC_CUR(3.4.0),AE,A,MILAED,FCSC,GDP,_Z,_Z,_Z,G,CUR,_Z,_Z,_Z,_Z,_Z,2010,143468.905,,,,0
FCSA:DF_NA_ISIC_CUR(3.4.0),AE,A,MILAED,FCSC,GDP,_Z,_Z,_Z,G,CUR,_Z,_Z,_Z,_Z,_Z,2011,147240.3421,,,,0
FCSA:DF_NA_ISIC_CUR(3.4.0),AE,A,MILAED,FCSC,GDP,_Z,_Z,_Z,G,CUR,_Z,_Z,_Z,_Z,_Z,2012,154810.3819,,,,0
FCSA:DF_NA_ISIC_CUR(3.4.0),AE,A,MILAED,FCSC,GDP,_Z,_Z,_Z,G,CUR,_Z,_Z,_Z,_Z,_Z,2013,169622.3227,,,,0
FCSA:DF_NA_ISIC_CUR(3.4.0),AE,A,MILAED,FCSC,GDP,_Z,_Z,_Z,G,CUR,_Z,_Z,_Z,_Z,_Z,2014,175550.5576,,,,0
FCSA:DF_NA_ISIC_CUR(3.4.0),AE,A,MILAED,FCSC,GDP,_Z,_Z,_Z,G,CUR,_Z,_Z,_Z,_Z,_Z,2015,182950.4475,,,,0
FCSA:DF_NA_ISIC_CUR(3.4.0),AE,A,MILAED,FCSC,GDP,_Z,_Z,_Z,G,CUR,_Z,_Z,_Z,_Z,_Z,2016,193159.1787,,,,0
FCSA:DF_NA_ISIC_CUR(3.4.0),AE,A,MILAED,FCSC,GDP,_Z,_Z,_Z,G,CUR,_Z,_Z,_Z,_Z,_Z,2017,195353.4297,,,,0
FCSA:DF_NA_ISIC_CUR(3.4.0),AE,A,MILAED,FCSC,GDP,_Z,_Z,_Z,G,CUR,_Z,_Z,_Z,_Z,_Z,2018,197653.4428,,,,0
FCSA:DF_NA_ISIC_CUR(3.4.0),AE,A,MILAED,FCSC,GDP,_Z,_Z,_Z,G,CUR,_Z,_Z,_Z,_Z,_Z,2019,206442.3412,,,,0
FCSA:DF_NA_ISIC_CUR(3.4.0),AE,A,MILAED,FCSC,GDP,_Z,_Z,_Z,G,CUR,_Z,_Z,_Z,_Z,_Z,2020,177308.86,,,,0
FCSA:DF_NA_ISIC_CUR(3.4.0),AE,A,MILAED,FCSC,GDP,_Z,_Z,_Z,G,CUR,_Z,_Z,_Z,_Z,_Z,2021,197926.6368,,,,0
FCSA:DF_NA_ISIC_CUR(3.4.0),AE,A,MILAED,FCSC,GDP,_Z,_Z,_Z,G,CUR,_Z,_Z,_Z,_Z,_Z,2022,215620.924,,,,0
FCSA:DF_NA_ISIC_CUR(3.4.0),AE,A,MILAED,FCSC,GDP,_Z,_Z,_Z,G,CUR,_Z,_Z,_Z,_Z,_Z,2023,234528.8534,,,,0
FCSA:DF_NA_ISIC_CUR(3.4.0),AE,A,MILAED,FCSC,GDP,_Z,_Z,_Z,G,CUR,_Z,_Z,_Z,_Z,_Z,2024,252549.7234,,,,0
FCSA:DF_NA_ISIC_CUR(3.4.0),AE,A,MILAED,FCSC,GDP,_Z,_Z,_Z,P,CUR,_Z,_Z,_Z,_Z,_Z,2010,13221.98826,,,,0
FCSA:DF_NA_ISIC_CUR(3.4.0),AE,A,MILAED,FCSC,GDP,_Z,_Z,_Z,P,CUR,_Z,_Z,_Z,_Z,_Z,2011,15699.88575,,,,0
FCSA:DF_NA_ISIC_CUR(3.4.0),AE,A,MILAED,FCSC,GDP,_Z,_Z,_Z,P,CUR,_Z,_Z,_Z,_Z,_Z,2012,17732.38143,,,,0
FCSA:DF_NA_ISIC_CUR(3.4.0),AE,A,MILAED,FCSC,GDP,_Z,_Z,_Z,P,CUR,_Z,_Z,_Z,_Z,_Z,2013,18988.10531,,,,0
FCSA:DF_NA_ISIC_CUR(3.4.0),AE,A,MILAED,FCSC,GDP,_Z,_Z,_Z,P,CUR,_Z,_Z,_Z,_Z,_Z,2014,21127.3955,,,,0
FCSA:DF_NA_ISIC_CUR(3.4.0),AE,A,MILAED,FCSC,GDP,_Z,_Z,_Z,P,CUR,_Z,_Z,_Z,_Z,_Z,2015,22060.00158,,,,0
FCSA:DF_NA_ISIC_CUR(3.4.0),AE,A,MILAED,FCSC,GDP,_Z,_Z,_Z,P,CUR,_Z,_Z,_Z,_Z,_Z,2016,24033.22998,,,,0
FCSA:DF_NA_ISIC_CUR(3.4.0),AE,A,MILAED,FCSC,GDP,_Z,_Z,_Z,P,CUR,_Z,_Z,_Z,_Z,_Z,2017,25523.24689,,,,0
FCSA:DF_NA_ISIC_CUR(3.4.0),AE,A,MILAED,FCSC,GDP,_Z,_Z,_Z,P,CUR,_Z,_Z,_Z,_Z,_Z,2018,26356.56179,,,,0
FCSA:DF_NA_ISIC_CUR(3.4.0),AE,A,MILAED,FCSC,GDP,_Z,_Z,_Z,P,CUR,_Z,_Z,_Z,_Z,_Z,2019,26388.06119,,,,0
FCSA:DF_NA_ISIC_CUR(3.4.0),AE,A,MILAED,FCSC,GDP,_Z,_Z,_Z,P,CUR,_Z,_Z,_Z,_Z,_Z,2020,26353.73562,,,,0
FCSA:DF_NA_ISIC_CUR(3.4.0),AE,A,MILAED,FCSC,GDP,_Z,_Z,_Z,P,CUR,_Z,_Z,_Z,_Z,_Z,2021,27071.78939,,,,0
FCSA:DF_NA_ISIC_CUR(3.4.0),AE,A,MILAED,FCSC,GDP,_Z,_Z,_Z,P,CUR,_Z,_Z,_Z,_Z,_Z,2022,29483.02222,,,,0
FCSA:DF_NA_ISIC_CUR(3.4.0),AE,A,MILAED,FCSC,GDP,_Z,_Z,_Z,P,CUR,_Z,_Z,_Z,_Z,_Z,2023,31536.71503,,,,0
FCSA:DF_NA_ISIC_CUR(3.4.0),AE,A,MILAED,FCSC,GDP,_Z,_Z,_Z,P,CUR,_Z,_Z,_Z,_Z,_Z,2024,32578.74514,,,,0
FCSA:DF_NA_ISIC_CUR(3.4.0),AE,A,MILAED,FCSC,GDP,_Z,_Z,_Z,K,CUR,_Z,_Z,_Z,_Z,_Z,2010,98905.92216,,,,0
FCSA:DF_NA_ISIC_CUR(3.4.0),AE,A,MILAED,FCSC,GDP,_Z,_Z,_Z,K,CUR,_Z,_Z,_Z,_Z,_Z,2011,103864.7493,,,,0
FCSA:DF_NA_ISIC_CUR(3.4.0),AE,A,MILAED,FCSC,GDP,_Z,_Z,_Z,K,CUR,_Z,_Z,_Z,_Z,_Z,2012,108546.3668,,,,0
FCSA:DF_NA_ISIC_CUR(3.4.0),AE,A,MILAED,FCSC,GDP,_Z,_Z,_Z,K,CUR,_Z,_Z,_Z,_Z,_Z,2013,125973.2215,,,,0
FCSA:DF_NA_ISIC_CUR(3.4.0),AE,A,MILAED,FCSC,GDP,_Z,_Z,_Z,K,CUR,_Z,_Z,_Z,_Z,_Z,2014,143142.2885,,,,0
FCSA:DF_NA_ISIC_CUR(3.4.0),AE,A,MILAED,FCSC,GDP,_Z,_Z,_Z,K,CUR,_Z,_Z,_Z,_Z,_Z,2015,153352.7466,,,,0
FCSA:DF_NA_ISIC_CUR(3.4.0),AE,A,MILAED,FCSC,GDP,_Z,_Z,_Z,K,CUR,_Z,_Z,_Z,_Z,_Z,2016,160196.712,,,,0
FCSA:DF_NA_ISIC_CUR(3.4.0),AE,A,MILAED,FCSC,GDP,_Z,_Z,_Z,K,CUR,_Z,_Z,_Z,_Z,_Z,2017,162849.0101,,,,0
FCSA:DF_NA_ISIC_CUR(3.4.0),AE,A,MILAED,FCSC,GDP,_Z,_Z,_Z,K,CUR,_Z,_Z,_Z,_Z,_Z,2018,162183.1461,,,,0
FCSA:DF_NA_ISIC_CUR(3.4.0),AE,A,MILAED,FCSC,GDP,_Z,_Z,_Z,K,CUR,_Z,_Z,_Z,_Z,_Z,2019,166702.3732,,,,0
FCSA:DF_NA_ISIC_CUR(3.4.0),AE,A,MILAED,FCSC,GDP,_Z,_Z,_Z,K,CUR,_Z,_Z,_Z,_Z,_Z,2020,143857.4824,,,,0
FCSA:DF_NA_ISIC_CUR(3.4.0),AE,A,MILAED,FCSC,GDP,_Z,_Z,_Z,K,CUR,_Z,_Z,_Z,_Z,_Z,2021,149991.2231,,,,0
FCSA:DF_NA_ISIC_CUR(3.4.0),AE,A,MILAED,FCSC,GDP,_Z,_Z,_Z,K,CUR,_Z,_Z,_Z,_Z,_Z,2022,171988.9693,,,,0
FCSA:DF_NA_ISIC_CUR(3.4.0),AE,A,MILAED,FCSC,GDP,_Z,_Z,_Z,K,CUR,_Z,_Z,_Z,_Z,_Z,2023,189260.8271,,,,0
FCSA:DF_NA_ISIC_CUR(3.4.0),AE,A,MILAED,FCSC,GDP,_Z,_Z,_Z,K,CUR,_Z,_Z,_Z,_Z,_Z,2024,207316.8975,,,,0
FCSA:DF_NA_ISIC_CUR(3.4.0),AE,A,MILAED,FCSC,GDP,_Z,_Z,_Z,A,CUR,_Z,_Z,_Z,_Z,_Z,2010,8276.458706,,,,0
FCSA:DF_NA_ISIC_CUR(3.4.0),AE,A,MILAED,FCSC,GDP,_Z,_Z,_Z,A,CUR,_Z,_Z,_Z,_Z,_Z,2011,8808.112317,,,,0
FCSA:DF_NA_ISIC_CUR(3.4.0),AE,A,MILAED,FCSC,GDP,_Z,_Z,_Z,A,CUR,_Z,_Z,_Z,_Z,_Z,2012,9055.225296,,,,0
FCSA:DF_NA_ISIC_CUR(3.4.0),AE,A,MILAED,FCSC,GDP,_Z,_Z,_Z,A,CUR,_Z,_Z,_Z,_Z,_Z,2013,9496.989592,,,,0
FCSA:DF_NA_ISIC_CUR(3.4.0),AE,A,MILAED,FCSC,GDP,_Z,_Z,_Z,A,CUR,_Z,_Z,_Z,_Z,_Z,2014,9763.267861,,,,0
FCSA:DF_NA_ISIC_CUR(3.4.0),AE,A,MILAED,FCSC,GDP,_Z,_Z,_Z,A,CUR,_Z,_Z,_Z,_Z,_Z,2015,10048.0012,,,,0
FCSA:DF_NA_ISIC_CUR(3.4.0),AE,A,MILAED,FCSC,GDP,_Z,_Z,_Z,A,CUR,_Z,_Z,_Z,_Z,_Z,2016,10385.34657,,,,0
FCSA:DF_NA_ISIC_CUR(3.4.0),AE,A,MILAED,FCSC,GDP,_Z,_Z,_Z,A,CUR,_Z,_Z,_Z,_Z,_Z,2017,11165.17006,,,,0
FCSA:DF_NA_ISIC_CUR(3.4.0),AE,A,MILAED,FCSC,GDP,_Z,_Z,_Z,A,CUR,_Z,_Z,_Z,_Z,_Z,2018,11416.64476,,,,0
FCSA:DF_NA_ISIC_CUR(3.4.0),AE,A,MILAED,FCSC,GDP,_Z,_Z,_Z,A,CUR,_Z,_Z,_Z,_Z,_Z,2019,11706.54945,,,,0
FCSA:DF_NA_ISIC_CUR(3.4.0),AE,A,MILAED,FCSC,GDP,_Z,_Z,_Z,A,CUR,_Z,_Z,_Z,_Z,_Z,2020,12631.09058,,,,0
FCSA:DF_NA_ISIC_CUR(3.4.0),AE,A,MILAED,FCSC,GDP,_Z,_Z,_Z,A,CUR,_Z,_Z,_Z,_Z,_Z,2021,13813.27924,,,,0
FCSA:DF_NA_ISIC_CUR(3.4.0),AE,A,MILAED,FCSC,GDP,_Z,_Z,_Z,A,CUR,_Z,_Z,_Z,_Z,_Z,2022,13915.19637,,,,0
FCSA:DF_NA_ISIC_CUR(3.4.0),AE,A,MILAED,FCSC,GDP,_Z,_Z,_Z,A,CUR,_Z,_Z,_Z,_Z,_Z,2023,14665.05409,,,,0
FCSA:DF_NA_ISIC_CUR(3.4.0),AE,A,MILAED,FCSC,GDP,_Z,_Z,_Z,A,CUR,_Z,_Z,_Z,_Z,_Z,2024,15607.49915,,,,0
FCSA:DF_NA_ISIC_CUR(3.4.0),AE,A,MILAED,FCSC,GDP,_Z,_Z,_Z,B,CUR,_Z,_Z,_Z,_Z,_Z,2010,327220.3143,,,,0
FCSA:DF_NA_ISIC_CUR(3.4.0),AE,A,MILAED,FCSC,GDP,_Z,_Z,_Z,B,CUR,_Z,_Z,_Z,_Z,_Z,2011,495775.6823,,,,0
FCSA:DF_NA_ISIC_CUR(3.4.0),AE,A,MILAED,FCSC,GDP,_Z,_Z,_Z,B,CUR,_Z,_Z,_Z,_Z,_Z,2012,531093.9783,,,,0
FCSA:DF_NA_ISIC_CUR(3.4.0),AE,A,MILAED,FCSC,GDP,_Z,_Z,_Z,B,CUR,_Z,_Z,_Z,_Z,_Z,2013,522383.8832,,,,0
FCSA:DF_NA_ISIC_CUR(3.4.0),AE,A,MILAED,FCSC,GDP,_Z,_Z,_Z,B,CUR,_Z,_Z,_Z,_Z,_Z,2014,499369.6996,,,,0
FCSA:DF_NA_ISIC_CUR(3.4.0),AE,A,MILAED,FCSC,GDP,_Z,_Z,_Z,B,CUR,_Z,_Z,_Z,_Z,_Z,2015,283412.5571,,,,0
FCSA:DF_NA_ISIC_CUR(3.4.0),AE,A,MILAED,FCSC,GDP,_Z,_Z,_Z,B,CUR,_Z,_Z,_Z,_Z,_Z,2016,250329.1724,,,,0
FCSA:DF_NA_ISIC_CUR(3.4.0),AE,A,MILAED,FCSC,GDP,_Z,_Z,_Z,B,CUR,_Z,_Z,_Z,_Z,_Z,2017,288482.8212,,,,0
FCSA:DF_NA_ISIC_CUR(3.4.0),AE,A,MILAED,FCSC,GDP,_Z,_Z,_Z,B,CUR,_Z,_Z,_Z,_Z,_Z,2018,401344.3979,,,,0
FCSA:DF_NA_ISIC_CUR(3.4.0),AE,A,MILAED,FCSC,GDP,_Z,_Z,_Z,B,CUR,_Z,_Z,_Z,_Z,_Z,2019,345836.8155,,,,0
FCSA:DF_NA_ISIC_CUR(3.4.0),AE,A,MILAED,FCSC,GDP,_Z,_Z,_Z,B,CUR,_Z,_Z,_Z,_Z,_Z,2020,221596.9688,,,,0
FCSA:DF_NA_ISIC_CUR(3.4.0),AE,A,MILAED,FCSC,GDP,_Z,_Z,_Z,B,CUR,_Z,_Z,_Z,_Z,_Z,2021,366134.5314,,,,0
FCSA:DF_NA_ISIC_CUR(3.4.0),AE,A,MILAED,FCSC,GDP,_Z,_Z,_Z,B,CUR,_Z,_Z,_Z,_Z,_Z,2022,548398.5079,,,,0
FCSA:DF_NA_ISIC_CUR(3.4.0),AE,A,MILAED,FCSC,GDP,_Z,_Z,_Z,B,CUR,_Z,_Z,_Z,_Z,_Z,2023,450371.9396,,,,0
FCSA:DF_NA_ISIC_CUR(3.4.0),AE,A,MILAED,FCSC,GDP,_Z,_Z,_Z,B,CUR,_Z,_Z,_Z,_Z,_Z,2024,449427.5311,,,,0
FCSA:DF_NA_ISIC_CUR(3.4.0),AE,A,MILAED,FCSC,GDP,_Z,_Z,_Z,C,CUR,_Z,_Z,_Z,_Z,_Z,2010,91529.87874,,,,0
FCSA:DF_NA_ISIC_CUR(3.4.0),AE,A,MILAED,FCSC,GDP,_Z,_Z,_Z,C,CUR,_Z,_Z,_Z,_Z,_Z,2011,106430.8418,,,,0
FCSA:DF_NA_ISIC_CUR(3.4.0),AE,A,MILAED,FCSC,GDP,_Z,_Z,_Z,C,CUR,_Z,_Z,_Z,_Z,_Z,2012,112984.3941,,,,0
FCSA:DF_NA_ISIC_CUR(3.4.0),AE,A,MILAED,FCSC,GDP,_Z,_Z,_Z,C,CUR,_Z,_Z,_Z,_Z,_Z,2013,115694.1403,,,,0
FCSA:DF_NA_ISIC_CUR(3.4.0),AE,A,MILAED,FCSC,GDP,_Z,_Z,_Z,C,CUR,_Z,_Z,_Z,_Z,_Z,2014,122945.2758,,,,0
FCSA:DF_NA_ISIC_CUR(3.4.0),AE,A,MILAED,FCSC,GDP,_Z,_Z,_Z,C,CUR,_Z,_Z,_Z,_Z,_Z,2015,124638.8133,,,,0
FCSA:DF_NA_ISIC_CUR(3.4.0),AE,A,MILAED,FCSC,GDP,_Z,_Z,_Z,C,CUR,_Z,_Z,_Z,_Z,_Z,2016,126745.4747,,,,0
FCSA:DF_NA_ISIC_CUR(3.4.0),AE,A,MILAED,FCSC,GDP,_Z,_Z,_Z,C,CUR,_Z,_Z,_Z,_Z,_Z,2017,135322.8613,,,,0
FCSA:DF_NA_ISIC_CUR(3.4.0),AE,A,MILAED,FCSC,GDP,_Z,_Z,_Z,C,CUR,_Z,_Z,_Z,_Z,_Z,2018,141134.919,,,,0
FCSA:DF_NA_ISIC_CUR(3.4.0),AE,A,MILAED,FCSC,GDP,_Z,_Z,_Z,C,CUR,_Z,_Z,_Z,_Z,_Z,2019,140919.6519,,,,0
FCSA:DF_NA_ISIC_CUR(3.4.0),AE,A,MILAED,FCSC,GDP,_Z,_Z,_Z,C,CUR,_Z,_Z,_Z,_Z,_Z,2020,117946.9289,,,,0
FCSA:DF_NA_ISIC_CUR(3.4.0),AE,A,MILAED,FCSC,GDP,_Z,_Z,_Z,C,CUR,_Z,_Z,_Z,_Z,_Z,2021,136095.5196,,,,0
FCSA:DF_NA_ISIC_CUR(3.4.0),AE,A,MILAED,FCSC,GDP,_Z,_Z,_Z,C,CUR,_Z,_Z,_Z,_Z,_Z,2022,160474.1507,,,,0
FCSA:DF_NA_ISIC_CUR(3.4.0),AE,A,MILAED,FCSC,GDP,_Z,_Z,_Z,C,CUR,_Z,_Z,_Z,_Z,_Z,2023,181541.6738,,,,0
FCSA:DF_NA_ISIC_CUR(3.4.0),AE,A,MILAED,FCSC,GDP,_Z,_Z,_Z,C,CUR,_Z,_Z,_Z,_Z,_Z,2024,190136.4187,,,,0
FCSA:DF_NA_ISIC_CUR(3.4.0),AE,A,MILAED,FCSC,GDP,_Z,_Z,_Z,O,CUR,_Z,_Z,_Z,_Z,_Z,2010,59138.3087,,,,0
FCSA:DF_NA_ISIC_CUR(3.4.0),AE,A,MILAED,FCSC,GDP,_Z,_Z,_Z,O,CUR,_Z,_Z,_Z,_Z,_Z,2011,62168.94539,,,,0
FCSA:DF_NA_ISIC_CUR(3.4.0),AE,A,MILAED,FCSC,GDP,_Z,_Z,_Z,O,CUR,_Z,_Z,_Z,_Z,_Z,2012,69963.38947,,,,0
FCSA:DF_NA_ISIC_CUR(3.4.0),AE,A,MILAED,FCSC,GDP,_Z,_Z,_Z,O,CUR,_Z,_Z,_Z,_Z,_Z,2013,79017.71427,,,,0
FCSA:DF_NA_ISIC_CUR(3.4.0),AE,A,MILAED,FCSC,GDP,_Z,_Z,_Z,O,CUR,_Z,_Z,_Z,_Z,_Z,2014,85251.74617,,,,0
FCSA:DF_NA_ISIC_CUR(3.4.0),AE,A,MILAED,FCSC,GDP,_Z,_Z,_Z,O,CUR,_Z,_Z,_Z,_Z,_Z,2015,88842.6106,,,,0
FCSA:DF_NA_ISIC_CUR(3.4.0),AE,A,MILAED,FCSC,GDP,_Z,_Z,_Z,O,CUR,_Z,_Z,_Z,_Z,_Z,2016,94447.96485,,,,0
FCSA:DF_NA_ISIC_CUR(3.4.0),AE,A,MILAED,FCSC,GDP,_Z,_Z,_Z,O,CUR,_Z,_Z,_Z,_Z,_Z,2017,105788.8204,,,,0
FCSA:DF_NA_ISIC_CUR(3.4.0),AE,A,MILAED,FCSC,GDP,_Z,_Z,_Z,O,CUR,_Z,_Z,_Z,_Z,_Z,2018,111528.8184,,,,0
FCSA:DF_NA_ISIC_CUR(3.4.0),AE,A,MILAED,FCSC,GDP,_Z,_Z,_Z,O,CUR,_Z,_Z,_Z,_Z,_Z,2019,111278.383,,,,0
FCSA:DF_NA_ISIC_CUR(3.4.0),AE,A,MILAED,FCSC,GDP,_Z,_Z,_Z,O,CUR,_Z,_Z,_Z,_Z,_Z,2020,107524.2601,,,,0
FCSA:DF_NA_ISIC_CUR(3.4.0),AE,A,MILAED,FCSC,GDP,_Z,_Z,_Z,O,CUR,_Z,_Z,_Z,_Z,_Z,2021,109299.8093,,,,0
FCSA:DF_NA_ISIC_CUR(3.4.0),AE,A,MILAED,FCSC,GDP,_Z,_Z,_Z,O,CUR,_Z,_Z,_Z,_Z,_Z,2022,111907.6513,,,,0
FCSA:DF_NA_ISIC_CUR(3.4.0),AE,A,MILAED,FCSC,GDP,_Z,_Z,_Z,O,CUR,_Z,_Z,_Z,_Z,_Z,2023,115529.5549,,,,0
FCSA:DF_NA_ISIC_CUR(3.4.0),AE,A,MILAED,FCSC,GDP,_Z,_Z,_Z,O,CUR,_Z,_Z,_Z,_Z,_Z,2024,123162.1536,,,,0
FCSA:DF_NA_ISIC_CUR(3.4.0),AE,A,MILAED,FCSC,GDP,_Z,_Z,_Z,RS,CUR,_Z,_Z,_Z,_Z,_Z,2010,6961.744625,,,,0
FCSA:DF_NA_ISIC_CUR(3.4.0),AE,A,MILAED,FCSC,GDP,_Z,_Z,_Z,RS,CUR,_Z,_Z,_Z,_Z,_Z,2011,6540.538804,,,,0
FCSA:DF_NA_ISIC_CUR(3.4.0),AE,A,MILAED,FCSC,GDP,_Z,_Z,_Z,RS,CUR,_Z,_Z,_Z,_Z,_Z,2012,7584.00363,,,,0
FCSA:DF_NA_ISIC_CUR(3.4.0),AE,A,MILAED,FCSC,GDP,_Z,_Z,_Z,RS,CUR,_Z,_Z,_Z,_Z,_Z,2013,7441.473852,,,,0
FCSA:DF_NA_ISIC_CUR(3.4.0),AE,A,MILAED,FCSC,GDP,_Z,_Z,_Z,RS,CUR,_Z,_Z,_Z,_Z,_Z,2014,8049.684144,,,,0
FCSA:DF_NA_ISIC_CUR(3.4.0),AE,A,MILAED,FCSC,GDP,_Z,_Z,_Z,RS,CUR,_Z,_Z,_Z,_Z,_Z,2015,8675.689453,,,,0
FCSA:DF_NA_ISIC_CUR(3.4.0),AE,A,MILAED,FCSC,GDP,_Z,_Z,_Z,RS,CUR,_Z,_Z,_Z,_Z,_Z,2016,9824.418716,,,,0
FCSA:DF_NA_ISIC_CUR(3.4.0),AE,A,MILAED,FCSC,GDP,_Z,_Z,_Z,RS,CUR,_Z,_Z,_Z,_Z,_Z,2017,10335.90567,,,,0
FCSA:DF_NA_ISIC_CUR(3.4.0),AE,A,MILAED,FCSC,GDP,_Z,_Z,_Z,RS,CUR,_Z,_Z,_Z,_Z,_Z,2018,10608.64433,,,,0
FCSA:DF_NA_ISIC_CUR(3.4.0),AE,A,MILAED,FCSC,GDP,_Z,_Z,_Z,RS,CUR,_Z,_Z,_Z,_Z,_Z,2019,10648.54034,,,,0
FCSA:DF_NA_ISIC_CUR(3.4.0),AE,A,MILAED,FCSC,GDP,_Z,_Z,_Z,RS,CUR,_Z,_Z,_Z,_Z,_Z,2020,8581.652691,,,,0
FCSA:DF_NA_ISIC_CUR(3.4.0),AE,A,MILAED,FCSC,GDP,_Z,_Z,_Z,RS,CUR,_Z,_Z,_Z,_Z,_Z,2021,9260.068095,,,,0
FCSA:DF_NA_ISIC_CUR(3.4.0),AE,A,MILAED,FCSC,GDP,_Z,_Z,_Z,RS,CUR,_Z,_Z,_Z,_Z,_Z,2022,10203.76736,,,,0
FCSA:DF_NA_ISIC_CUR(3.4.0),AE,A,MILAED,FCSC,GDP,_Z,_Z,_Z,RS,CUR,_Z,_Z,_Z,_Z,_Z,2023,11545.37175,,,,0
FCSA:DF_NA_ISIC_CUR(3.4.0),AE,A,MILAED,FCSC,GDP,_Z,_Z,_Z,RS,CUR,_Z,_Z,_Z,_Z,_Z,2024,12024.74894,,,,0
FCSA:DF_NA_ISIC_CUR(3.4.0),AE,A,MILAED,FCSC,GDP,_Z,_Z,_Z,T,CUR,_Z,_Z,_Z,_Z,_Z,2010,5000.280405,,,,0
FCSA:DF_NA_ISIC_CUR(3.4.0),AE,A,MILAED,FCSC,GDP,_Z,_Z,_Z,T,CUR,_Z,_Z,_Z,_Z,_Z,2011,5458.227541,,,,0
FCSA:DF_NA_ISIC_CUR(3.4.0),AE,A,MILAED,FCSC,GDP,_Z,_Z,_Z,T,CUR,_Z,_Z,_Z,_Z,_Z,2012,5809.74141,,,,0
FCSA:DF_NA_ISIC_CUR(3.4.0),AE,A,MILAED,FCSC,GDP,_Z,_Z,_Z,T,CUR,_Z,_Z,_Z,_Z,_Z,2013,7055.813117,,,,0
FCSA:DF_NA_ISIC_CUR(3.4.0),AE,A,MILAED,FCSC,GDP,_Z,_Z,_Z,T,CUR,_Z,_Z,_Z,_Z,_Z,2014,7991.940625,,,,0
FCSA:DF_NA_ISIC_CUR(3.4.0),AE,A,MILAED,FCSC,GDP,_Z,_Z,_Z,T,CUR,_Z,_Z,_Z,_Z,_Z,2015,8615.965387,,,,0
FCSA:DF_NA_ISIC_CUR(3.4.0),AE,A,MILAED,FCSC,GDP,_Z,_Z,_Z,T,CUR,_Z,_Z,_Z,_Z,_Z,2016,9247.78502,,,,0
FCSA:DF_NA_ISIC_CUR(3.4.0),AE,A,MILAED,FCSC,GDP,_Z,_Z,_Z,T,CUR,_Z,_Z,_Z,_Z,_Z,2017,9888.935593,,,,0
FCSA:DF_NA_ISIC_CUR(3.4.0),AE,A,MILAED,FCSC,GDP,_Z,_Z,_Z,T,CUR,_Z,_Z,_Z,_Z,_Z,2018,10565.98408,,,,0
FCSA:DF_NA_ISIC_CUR(3.4.0),AE,A,MILAED,FCSC,GDP,_Z,_Z,_Z,T,CUR,_Z,_Z,_Z,_Z,_Z,2019,11223.03135,,,,0
FCSA:DF_NA_ISIC_CUR(3.4.0),AE,A,MILAED,FCSC,GDP,_Z,_Z,_Z,T,CUR,_Z,_Z,_Z,_Z,_Z,2020,11051.09891,,,,0
FCSA:DF_NA_ISIC_CUR(3.4.0),AE,A,MILAED,FCSC,GDP,_Z,_Z,_Z,T,CUR,_Z,_Z,_Z,_Z,_Z,2021,11106.08305,,,,0
FCSA:DF_NA_ISIC_CUR(3.4.0),AE,A,MILAED,FCSC,GDP,_Z,_Z,_Z,T,CUR,_Z,_Z,_Z,_Z,_Z,2022,11811.8029,,,,0
FCSA:DF_NA_ISIC_CUR(3.4.0),AE,A,MILAED,FCSC,GDP,_Z,_Z,_Z,T,CUR,_Z,_Z,_Z,_Z,_Z,2023,12295.27417,,,,0
FCSA:DF_NA_ISIC_CUR(3.4.0),AE,A,MILAED,FCSC,GDP,_Z,_Z,_Z,T,CUR,_Z,_Z,_Z,_Z,_Z,2024,12918.80856,,,,0
FCSA:DF_NA_ISIC_CUR(3.4.0),AE,A,MILAED,FCSC,GDP,_Z,_Z,_Z,I,CUR,_Z,_Z,_Z,_Z,_Z,2010,18664.03335,,,,0
FCSA:DF_NA_ISIC_CUR(3.4.0),AE,A,MILAED,FCSC,GDP,_Z,_Z,_Z,I,CUR,_Z,_Z,_Z,_Z,_Z,2011,21785.19624,,,,0
FCSA:DF_NA_ISIC_CUR(3.4.0),AE,A,MILAED,FCSC,GDP,_Z,_Z,_Z,I,CUR,_Z,_Z,_Z,_Z,_Z,2012,24162.19173,,,,0
FCSA:DF_NA_ISIC_CUR(3.4.0),AE,A,MILAED,FCSC,GDP,_Z,_Z,_Z,I,CUR,_Z,_Z,_Z,_Z,_Z,2013,28377.56954,,,,0
FCSA:DF_NA_ISIC_CUR(3.4.0),AE,A,MILAED,FCSC,GDP,_Z,_Z,_Z,I,CUR,_Z,_Z,_Z,_Z,_Z,2014,31792.73307,,,,0
FCSA:DF_NA_ISIC_CUR(3.4.0),AE,A,MILAED,FCSC,GDP,_Z,_Z,_Z,I,CUR,_Z,_Z,_Z,_Z,_Z,2015,32254.35249,,,,0
FCSA:DF_NA_ISIC_CUR(3.4.0),AE,A,MILAED,FCSC,GDP,_Z,_Z,_Z,I,CUR,_Z,_Z,_Z,_Z,_Z,2016,31501.41364,,,,0
FCSA:DF_NA_ISIC_CUR(3.4.0),AE,A,MILAED,FCSC,GDP,_Z,_Z,_Z,I,CUR,_Z,_Z,_Z,_Z,_Z,2017,32053.20461,,,,0
FCSA:DF_NA_ISIC_CUR(3.4.0),AE,A,MILAED,FCSC,GDP,_Z,_Z,_Z,I,CUR,_Z,_Z,_Z,_Z,_Z,2018,32350.10642,,,,0
FCSA:DF_NA_ISIC_CUR(3.4.0),AE,A,MILAED,FCSC,GDP,_Z,_Z,_Z,I,CUR,_Z,_Z,_Z,_Z,_Z,2019,32733.66221,,,,0
FCSA:DF_NA_ISIC_CUR(3.4.0),AE,A,MILAED,FCSC,GDP,_Z,_Z,_Z,I,CUR,_Z,_Z,_Z,_Z,_Z,2020,19852.72854,,,,0
FCSA:DF_NA_ISIC_CUR(3.4.0),AE,A,MILAED,FCSC,GDP,_Z,_Z,_Z,I,CUR,_Z,_Z,_Z,_Z,_Z,2021,31352.29775,,,,0
FCSA:DF_NA_ISIC_CUR(3.4.0),AE,A,MILAED,FCSC,GDP,_Z,_Z,_Z,I,CUR,_Z,_Z,_Z,_Z,_Z,2022,39433.18139,,,,0
FCSA:DF_NA_ISIC_CUR(3.4.0),AE,A,MILAED,FCSC,GDP,_Z,_Z,_Z,I,CUR,_Z,_Z,_Z,_Z,_Z,2023,43974.13276,,,,0
FCSA:DF_NA_ISIC_CUR(3.4.0),AE,A,MILAED,FCSC,GDP,_Z,_Z,_Z,I,CUR,_Z,_Z,_Z,_Z,_Z,2024,47438.03405,,,,0
FCSA:DF_NA_ISIC_CUR(3.4.0),AE,A,MILAED,FCSC,GDP,_Z,_Z,_Z,H,CUR,_Z,_Z,_Z,_Z,_Z,2010,63689.40613,,,,0
FCSA:DF_NA_ISIC_CUR(3.4.0),AE,A,MILAED,FCSC,GDP,_Z,_Z,_Z,H,CUR,_Z,_Z,_Z,_Z,_Z,2011,74294.41621,,,,0
FCSA:DF_NA_ISIC_CUR(3.4.0),AE,A,MILAED,FCSC,GDP,_Z,_Z,_Z,H,CUR,_Z,_Z,_Z,_Z,_Z,2012,78100.99951,,,,0
FCSA:DF_NA_ISIC_CUR(3.4.0),AE,A,MILAED,FCSC,GDP,_Z,_Z,_Z,H,CUR,_Z,_Z,_Z,_Z,_Z,2013,81947.98804,,,,0
FCSA:DF_NA_ISIC_CUR(3.4.0),AE,A,MILAED,FCSC,GDP,_Z,_Z,_Z,H,CUR,_Z,_Z,_Z,_Z,_Z,2014,88439.57622,,,,0
FCSA:DF_NA_ISIC_CUR(3.4.0),AE,A,MILAED,FCSC,GDP,_Z,_Z,_Z,H,CUR,_Z,_Z,_Z,_Z,_Z,2015,93866.9751,,,,0
FCSA:DF_NA_ISIC_CUR(3.4.0),AE,A,MILAED,FCSC,GDP,_Z,_Z,_Z,H,CUR,_Z,_Z,_Z,_Z,_Z,2016,83161.71745,,,,0
FCSA:DF_NA_ISIC_CUR(3.4.0),AE,A,MILAED,FCSC,GDP,_Z,_Z,_Z,H,CUR,_Z,_Z,_Z,_Z,_Z,2017,85094.10807,,,,0
FCSA:DF_NA_ISIC_CUR(3.4.0),AE,A,MILAED,FCSC,GDP,_Z,_Z,_Z,H,CUR,_Z,_Z,_Z,_Z,_Z,2018,87314.77206,,,,0
FCSA:DF_NA_ISIC_CUR(3.4.0),AE,A,MILAED,FCSC,GDP,_Z,_Z,_Z,H,CUR,_Z,_Z,_Z,_Z,_Z,2019,90279.52147,,,,0
FCSA:DF_NA_ISIC_CUR(3.4.0),AE,A,MILAED,FCSC,GDP,_Z,_Z,_Z,H,CUR,_Z,_Z,_Z,_Z,_Z,2020,67009.37385,,,,0
FCSA:DF_NA_ISIC_CUR(3.4.0),AE,A,MILAED,FCSC,GDP,_Z,_Z,_Z,H,CUR,_Z,_Z,_Z,_Z,_Z,2021,72905.67724,,,,0
FCSA:DF_NA_ISIC_CUR(3.4.0),AE,A,MILAED,FCSC,GDP,_Z,_Z,_Z,H,CUR,_Z,_Z,_Z,_Z,_Z,2022,99359.58881,,,,0
FCSA:DF_NA_ISIC_CUR(3.4.0),AE,A,MILAED,FCSC,GDP,_Z,_Z,_Z,H,CUR,_Z,_Z,_Z,_Z,_Z,2023,121320.2049,,,,0
FCSA:DF_NA_ISIC_CUR(3.4.0),AE,A,MILAED,FCSC,GDP,_Z,_Z,_Z,H,CUR,_Z,_Z,_Z,_Z,_Z,2024,131584.1458,,,,0
FCSA:DF_NA_ISIC_CUR(3.4.0),AE,A,MILAED,FCSC,GDP,_Z,_Z,_Z,L,CUR,_Z,_Z,_Z,_Z,_Z,2010,53555.36032,,,,0
FCSA:DF_NA_ISIC_CUR(3.4.0),AE,A,MILAED,FCSC,GDP,_Z,_Z,_Z,L,CUR,_Z,_Z,_Z,_Z,_Z,2011,57633.13854,,,,0
FCSA:DF_NA_ISIC_CUR(3.4.0),AE,A,MILAED,FCSC,GDP,_Z,_Z,_Z,L,CUR,_Z,_Z,_Z,_Z,_Z,2012,66089.55144,,,,0
FCSA:DF_NA_ISIC_CUR(3.4.0),AE,A,MILAED,FCSC,GDP,_Z,_Z,_Z,L,CUR,_Z,_Z,_Z,_Z,_Z,2013,67805.39491,,,,0
FCSA:DF_NA_ISIC_CUR(3.4.0),AE,A,MILAED,FCSC,GDP,_Z,_Z,_Z,L,CUR,_Z,_Z,_Z,_Z,_Z,2014,76505.40696,,,,0
FCSA:DF_NA_ISIC_CUR(3.4.0),AE,A,MILAED,FCSC,GDP,_Z,_Z,_Z,L,CUR,_Z,_Z,_Z,_Z,_Z,2015,83663.1347,,,,0
FCSA:DF_NA_ISIC_CUR(3.4.0),AE,A,MILAED,FCSC,GDP,_Z,_Z,_Z,L,CUR,_Z,_Z,_Z,_Z,_Z,2016,91982.91005,,,,0
FCSA:DF_NA_ISIC_CUR(3.4.0),AE,A,MILAED,FCSC,GDP,_Z,_Z,_Z,L,CUR,_Z,_Z,_Z,_Z,_Z,2017,93096.22265,,,,0
FCSA:DF_NA_ISIC_CUR(3.4.0),AE,A,MILAED,FCSC,GDP,_Z,_Z,_Z,L,CUR,_Z,_Z,_Z,_Z,_Z,2018,85302.80189,,,,0
FCSA:DF_NA_ISIC_CUR(3.4.0),AE,A,MILAED,FCSC,GDP,_Z,_Z,_Z,L,CUR,_Z,_Z,_Z,_Z,_Z,2019,83481.5484,,,,0
FCSA:DF_NA_ISIC_CUR(3.4.0),AE,A,MILAED,FCSC,GDP,_Z,_Z,_Z,L,CUR,_Z,_Z,_Z,_Z,_Z,2020,69068.65313,,,,0
FCSA:DF_NA_ISIC_CUR(3.4.0),AE,A,MILAED,FCSC,GDP,_Z,_Z,_Z,L,CUR,_Z,_Z,_Z,_Z,_Z,2021,74105.26746,,,,0
FCSA:DF_NA_ISIC_CUR(3.4.0),AE,A,MILAED,FCSC,GDP,_Z,_Z,_Z,L,CUR,_Z,_Z,_Z,_Z,_Z,2022,83412.199,,,,0
FCSA:DF_NA_ISIC_CUR(3.4.0),AE,A,MILAED,FCSC,GDP,_Z,_Z,_Z,L,CUR,_Z,_Z,_Z,_Z,_Z,2023,93381.6489,,,,0
FCSA:DF_NA_ISIC_CUR(3.4.0),AE,A,MILAED,FCSC,GDP,_Z,_Z,_Z,L,CUR,_Z,_Z,_Z,_Z,_Z,2024,103875.1026,,,,0
FCSA:DF_NA_ISIC_CUR(3.4.0),AE,A,MILAED,FCSC,GDP,_Z,_Z,_Z,F,CUR,_Z,_Z,_Z,_Z,_Z,2010,120878.5124,,,,0
FCSA:DF_NA_ISIC_CUR(3.4.0),AE,A,MILAED,FCSC,GDP,_Z,_Z,_Z,F,CUR,_Z,_Z,_Z,_Z,_Z,2011,119924.7636,,,,0
FCSA:DF_NA_ISIC_CUR(3.4.0),AE,A,MILAED,FCSC,GDP,_Z,_Z,_Z,F,CUR,_Z,_Z,_Z,_Z,_Z,2012,117123.9357,,,,0
FCSA:DF_NA_ISIC_CUR(3.4.0),AE,A,MILAED,FCSC,GDP,_Z,_Z,_Z,F,CUR,_Z,_Z,_Z,_Z,_Z,2013,120539.6624,,,,0
FCSA:DF_NA_ISIC_CUR(3.4.0),AE,A,MILAED,FCSC,GDP,_Z,_Z,_Z,F,CUR,_Z,_Z,_Z,_Z,_Z,2014,127699.474,,,,0
FCSA:DF_NA_ISIC_CUR(3.4.0),AE,A,MILAED,FCSC,GDP,_Z,_Z,_Z,F,CUR,_Z,_Z,_Z,_Z,_Z,2015,133595.0595,,,,0
FCSA:DF_NA_ISIC_CUR(3.4.0),AE,A,MILAED,FCSC,GDP,_Z,_Z,_Z,F,CUR,_Z,_Z,_Z,_Z,_Z,2016,130055.9433,,,,0
FCSA:DF_NA_ISIC_CUR(3.4.0),AE,A,MILAED,FCSC,GDP,_Z,_Z,_Z,F,CUR,_Z,_Z,_Z,_Z,_Z,2017,131102.5698,,,,0
FCSA:DF_NA_ISIC_CUR(3.4.0),AE,A,MILAED,FCSC,GDP,_Z,_Z,_Z,F,CUR,_Z,_Z,_Z,_Z,_Z,2018,136012.4741,,,,0
FCSA:DF_NA_ISIC_CUR(3.4.0),AE,A,MILAED,FCSC,GDP,_Z,_Z,_Z,F,CUR,_Z,_Z,_Z,_Z,_Z,2019,141798.9124,,,,0
FCSA:DF_NA_ISIC_CUR(3.4.0),AE,A,MILAED,FCSC,GDP,_Z,_Z,_Z,F,CUR,_Z,_Z,_Z,_Z,_Z,2020,126147.322,,,,0
FCSA:DF_NA_ISIC_CUR(3.4.0),AE,A,MILAED,FCSC,GDP,_Z,_Z,_Z,F,CUR,_Z,_Z,_Z,_Z,_Z,2021,129239.7589,,,,0
FCSA:DF_NA_ISIC_CUR(3.4.0),AE,A,MILAED,FCSC,GDP,_Z,_Z,_Z,F,CUR,_Z,_Z,_Z,_Z,_Z,2022,138952.9871,,,,0
FCSA:DF_NA_ISIC_CUR(3.4.0),AE,A,MILAED,FCSC,GDP,_Z,_Z,_Z,F,CUR,_Z,_Z,_Z,_Z,_Z,2023,153834.723,,,,0
FCSA:DF_NA_ISIC_CUR(3.4.0),AE,A,MILAED,FCSC,GDP,_Z,_Z,_Z,F,CUR,_Z,_Z,_Z,_Z,_Z,2024,169005.9845,,,,0
FCSA:DF_NA_ISIC_CUR(3.4.0),AE,A,MILAED,FCSC,GDP,_Z,_Z,_Z,_TNO,CUR,_Z,_Z,_Z,_Z,_Z,2010,802941.4257,,,,0
FCSA:DF_NA_ISIC_CUR(3.4.0),AE,A,MILAED,FCSC,GDP,_Z,_Z,_Z,_TNO,CUR,_Z,_Z,_Z,_Z,_Z,2011,858939.9149,,,,0
FCSA:DF_NA_ISIC_CUR(3.4.0),AE,A,MILAED,FCSC,GDP,_Z,_Z,_Z,_TNO,CUR,_Z,_Z,_Z,_Z,_Z,2012,911440.3673,,,,0
FCSA:DF_NA_ISIC_CUR(3.4.0),AE,A,MILAED,FCSC,GDP,_Z,_Z,_Z,_TNO,CUR,_Z,_Z,_Z,_Z,_Z,2013,981991.7474,,,,0
FCSA:DF_NA_ISIC_CUR(3.4.0),AE,A,MILAED,FCSC,GDP,_Z,_Z,_Z,_TNO,CUR,_Z,_Z,_Z,_Z,_Z,2014,1061207.151,,,,0
FCSA:DF_NA_ISIC_CUR(3.4.0),AE,A,MILAED,FCSC,GDP,_Z,_Z,_Z,_TNO,CUR,_Z,_Z,_Z,_Z,_Z,2015,1119383.783,,,,0
FCSA:DF_NA_ISIC_CUR(3.4.0),AE,A,MILAED,FCSC,GDP,_Z,_Z,_Z,_TNO,CUR,_Z,_Z,_Z,_Z,_Z,2016,1151527.276,,,,0
FCSA:DF_NA_ISIC_CUR(3.4.0),AE,A,MILAED,FCSC,GDP,_Z,_Z,_Z,_TNO,CUR,_Z,_Z,_Z,_Z,_Z,2017,1192875.347,,,,0
FCSA:DF_NA_ISIC_CUR(3.4.0),AE,A,MILAED,FCSC,GDP,_Z,_Z,_Z,_TNO,CUR,_Z,_Z,_Z,_Z,_Z,2018,1216612.214,,,,0
FCSA:DF_NA_ISIC_CUR(3.4.0),AE,A,MILAED,FCSC,GDP,_Z,_Z,_Z,_TNO,CUR,_Z,_Z,_Z,_Z,_Z,2019,1247757.223,,,,0
FCSA:DF_NA_ISIC_CUR(3.4.0),AE,A,MILAED,FCSC,GDP,_Z,_Z,_Z,_TNO,CUR,_Z,_Z,_Z,_Z,_Z,2020,1090079.655,,,,0
FCSA:DF_NA_ISIC_CUR(3.4.0),AE,A,MILAED,FCSC,GDP,_Z,_Z,_Z,_TNO,CUR,_Z,_Z,_Z,_Z,_Z,2021,1185281.078,,,,0
FCSA:DF_NA_ISIC_CUR(3.4.0),AE,A,MILAED,FCSC,GDP,_Z,_Z,_Z,_TNO,CUR,_Z,_Z,_Z,_Z,_Z,2022,1329730.496,,,,0
FCSA:DF_NA_ISIC_CUR(3.4.0),AE,A,MILAED,FCSC,GDP,_Z,_Z,_Z,_TNO,CUR,_Z,_Z,_Z,_Z,_Z,2023,1468958.341,,,,0
FCSA:DF_NA_ISIC_CUR(3.4.0),AE,A,MILAED,FCSC,GDP,_Z,_Z,_Z,_TNO,CUR,_Z,_Z,_Z,_Z,_Z,2024,1578985.734,,,,0
FCSA:DF_NA_ISIC_CUR(3.4.0),AE,A,MILAED,FCSC,GDP,_Z,_Z,_Z,_T,CUR,_Z,_Z,_Z,_Z,_Z,2010,1130161.74,,,,0
FCSA:DF_NA_ISIC_CUR(3.4.0),AE,A,MILAED,FCSC,GDP,_Z,_Z,_Z,_T,CUR,_Z,_Z,_Z,_Z,_Z,2011,1354715.597,,,,0
FCSA:DF_NA_ISIC_CUR(3.4.0),AE,A,MILAED,FCSC,GDP,_Z,_Z,_Z,_T,CUR,_Z,_Z,_Z,_Z,_Z,2012,1442534.346,,,,0
FCSA:DF_NA_ISIC_CUR(3.4.0),AE,A,MILAED,FCSC,GDP,_Z,_Z,_Z,_T,CUR,_Z,_Z,_Z,_Z,_Z,2013,1504375.631,,,,0
FCSA:DF_NA_ISIC_CUR(3.4.0),AE,A,MILAED,FCSC,GDP,_Z,_Z,_Z,_T,CUR,_Z,_Z,_Z,_Z,_Z,2014,1560576.851,,,,0
FCSA:DF_NA_ISIC_CUR(3.4.0),AE,A,MILAED,FCSC,GDP,_Z,_Z,_Z,_T,CUR,_Z,_Z,_Z,_Z,_Z,2015,1402796.34,,,,0
FCSA:DF_NA_ISIC_CUR(3.4.0),AE,A,MILAED,FCSC,GDP,_Z,_Z,_Z,_T,CUR,_Z,_Z,_Z,_Z,_Z,2016,1401856.449,,,,0
FCSA:DF_NA_ISIC_CUR(3.4.0),AE,A,MILAED,FCSC,GDP,_Z,_Z,_Z,_T,CUR,_Z,_Z,_Z,_Z,_Z,2017,1481358.168,,,,0
FCSA:DF_NA_ISIC_CUR(3.4.0),AE,A,MILAED,FCSC,GDP,_Z,_Z,_Z,_T,CUR,_Z,_Z,_Z,_Z,_Z,2018,1617956.612,,,,0
FCSA:DF_NA_ISIC_CUR(3.4.0),AE,A,MILAED,FCSC,GDP,_Z,_Z,_Z,_T,CUR,_Z,_Z,_Z,_Z,_Z,2019,1593594.038,,,,0
FCSA:DF_NA_ISIC_CUR(3.4.0),AE,A,MILAED,FCSC,GDP,_Z,_Z,_Z,_T,CUR,_Z,_Z,_Z,_Z,_Z,2020,1311676.623,,,,0
FCSA:DF_NA_ISIC_CUR(3.4.0),AE,A,MILAED,FCSC,GDP,_Z,_Z,_Z,_T,CUR,_Z,_Z,_Z,_Z,_Z,2021,1551415.61,,,,0
FCSA:DF_NA_ISIC_CUR(3.4.0),AE,A,MILAED,FCSC,GDP,_Z,_Z,_Z,_T,CUR,_Z,_Z,_Z,_Z,_Z,2022,1878129.004,,,,0
FCSA:DF_NA_ISIC_CUR(3.4.0),AE,A,MILAED,FCSC,GDP,_Z,_Z,_Z,_T,CUR,_Z,_Z,_Z,_Z,_Z,2023,1919330.281,,,,0
FCSA:DF_NA_ISIC_CUR(3.4.0),AE,A,MILAED,FCSC,GDP,_Z,_Z,_Z,_T,CUR,_Z,_Z,_Z,_Z,_Z,2024,2028413.265,,,,0
FCSA:DF_NA_ISIC_CUR(3.4.0),AE,A,MILAED,FCSC,GDP,_Z,_Z,_Z,DE,CUR,_Z,_Z,_Z,_Z,_Z,2010,28382.11793,,,,0
FCSA:DF_NA_ISIC_CUR(3.4.0),AE,A,MILAED,FCSC,GDP,_Z,_Z,_Z,DE,CUR,_Z,_Z,_Z,_Z,_Z,2011,33135.55724,,,,0
FCSA:DF_NA_ISIC_CUR(3.4.0),AE,A,MILAED,FCSC,GDP,_Z,_Z,_Z,DE,CUR,_Z,_Z,_Z,_Z,_Z,2012,37333.28916,,,,0
FCSA:DF_NA_ISIC_CUR(3.4.0),AE,A,MILAED,FCSC,GDP,_Z,_Z,_Z,DE,CUR,_Z,_Z,_Z,_Z,_Z,2013,38542.39526,,,,0
FCSA:DF_NA_ISIC_CUR(3.4.0),AE,A,MILAED,FCSC,GDP,_Z,_Z,_Z,DE,CUR,_Z,_Z,_Z,_Z,_Z,2014,41825.96707,,,,0
FCSA:DF_NA_ISIC_CUR(3.4.0),AE,A,MILAED,FCSC,GDP,_Z,_Z,_Z,DE,CUR,_Z,_Z,_Z,_Z,_Z,2015,49754.76203,,,,0
FCSA:DF_NA_ISIC_CUR(3.4.0),AE,A,MILAED,FCSC,GDP,_Z,_Z,_Z,DE,CUR,_Z,_Z,_Z,_Z,_Z,2016,51859.48561,,,,0
FCSA:DF_NA_ISIC_CUR(3.4.0),AE,A,MILAED,FCSC,GDP,_Z,_Z,_Z,DE,CUR,_Z,_Z,_Z,_Z,_Z,2017,58555.23887,,,,0
FCSA:DF_NA_ISIC_CUR(3.4.0),AE,A,MILAED,FCSC,GDP,_Z,_Z,_Z,DE,CUR,_Z,_Z,_Z,_Z,_Z,2018,61627.1773,,,,0
FCSA:DF_NA_ISIC_CUR(3.4.0),AE,A,MILAED,FCSC,GDP,_Z,_Z,_Z,DE,CUR,_Z,_Z,_Z,_Z,_Z,2019,64131.37482,,,,0
FCSA:DF_NA_ISIC_CUR(3.4.0),AE,A,MILAED,FCSC,GDP,_Z,_Z,_Z,DE,CUR,_Z,_Z,_Z,_Z,_Z,2020,63197.77343,,,,0
FCSA:DF_NA_ISIC_CUR(3.4.0),AE,A,MILAED,FCSC,GDP,_Z,_Z,_Z,DE,CUR,_Z,_Z,_Z,_Z,_Z,2021,72580.06085,,,,0
FCSA:DF_NA_ISIC_CUR(3.4.0),AE,A,MILAED,FCSC,GDP,_Z,_Z,_Z,DE,CUR,_Z,_Z,_Z,_Z,_Z,2022,78717.12929,,,,0
FCSA:DF_NA_ISIC_CUR(3.4.0),AE,A,MILAED,FCSC,GDP,_Z,_Z,_Z,DE,CUR,_Z,_Z,_Z,_Z,_Z,2023,85641.12708,,,,0
FCSA:DF_NA_ISIC_CUR(3.4.0),AE,A,MILAED,FCSC,GDP,_Z,_Z,_Z,DE,CUR,_Z,_Z,_Z,_Z,_Z,2024,90610.88328,,,,0
FCSA:DF_NA_ISIC_CUR(3.4.0),AE,A,MILAED,FCSC,GDP,_Z,_Z,_Z,Q,CUR,_Z,_Z,_Z,_Z,_Z,2010,7564.904045,,,,0
FCSA:DF_NA_ISIC_CUR(3.4.0),AE,A,MILAED,FCSC,GDP,_Z,_Z,_Z,Q,CUR,_Z,_Z,_Z,_Z,_Z,2011,9961.436431,,,,0
FCSA:DF_NA_ISIC_CUR(3.4.0),AE,A,MILAED,FCSC,GDP,_Z,_Z,_Z,Q,CUR,_Z,_Z,_Z,_Z,_Z,2012,13064.26891,,,,0
FCSA:DF_NA_ISIC_CUR(3.4.0),AE,A,MILAED,FCSC,GDP,_Z,_Z,_Z,Q,CUR,_Z,_Z,_Z,_Z,_Z,2013,15934.08413,,,,0
FCSA:DF_NA_ISIC_CUR(3.4.0),AE,A,MILAED,FCSC,GDP,_Z,_Z,_Z,Q,CUR,_Z,_Z,_Z,_Z,_Z,2014,17184.47967,,,,0
FCSA:DF_NA_ISIC_CUR(3.4.0),AE,A,MILAED,FCSC,GDP,_Z,_Z,_Z,Q,CUR,_Z,_Z,_Z,_Z,_Z,2015,17881.26264,,,,0
FCSA:DF_NA_ISIC_CUR(3.4.0),AE,A,MILAED,FCSC,GDP,_Z,_Z,_Z,Q,CUR,_Z,_Z,_Z,_Z,_Z,2016,19361.95082,,,,0
FCSA:DF_NA_ISIC_CUR(3.4.0),AE,A,MILAED,FCSC,GDP,_Z,_Z,_Z,Q,CUR,_Z,_Z,_Z,_Z,_Z,2017,19754.96528,,,,0
FCSA:DF_NA_ISIC_CUR(3.4.0),AE,A,MILAED,FCSC,GDP,_Z,_Z,_Z,Q,CUR,_Z,_Z,_Z,_Z,_Z,2018,21002.10244,,,,0
FCSA:DF_NA_ISIC_CUR(3.4.0),AE,A,MILAED,FCSC,GDP,_Z,_Z,_Z,Q,CUR,_Z,_Z,_Z,_Z,_Z,2019,22792.12974,,,,0
FCSA:DF_NA_ISIC_CUR(3.4.0),AE,A,MILAED,FCSC,GDP,_Z,_Z,_Z,Q,CUR,_Z,_Z,_Z,_Z,_Z,2020,23571.71054,,,,0
FCSA:DF_NA_ISIC_CUR(3.4.0),AE,A,MILAED,FCSC,GDP,_Z,_Z,_Z,Q,CUR,_Z,_Z,_Z,_Z,_Z,2021,27696.83412,,,,0
FCSA:DF_NA_ISIC_CUR(3.4.0),AE,A,MILAED,FCSC,GDP,_Z,_Z,_Z,Q,CUR,_Z,_Z,_Z,_Z,_Z,2022,31773.59891,,,,0
FCSA:DF_NA_ISIC_CUR(3.4.0),AE,A,MILAED,FCSC,GDP,_Z,_Z,_Z,Q,CUR,_Z,_Z,_Z,_Z,_Z,2023,34000.93984,,,,0
FCSA:DF_NA_ISIC_CUR(3.4.0),AE,A,MILAED,FCSC,GDP,_Z,_Z,_Z,Q,CUR,_Z,_Z,_Z,_Z,_Z,2024,36633.55705,,,,0
FCSA:DF_NA_ISIC_CUR(3.4.0),AE,A,MILAED,FCSC,GDP,_Z,_Z,_Z,NFC,CUR,_Z,_Z,_Z,_Z,_Z,2010,967117.2287,,,,0
FCSA:DF_NA_ISIC_CUR(3.4.0),AE,A,MILAED,FCSC,GDP,_Z,_Z,_Z,NFC,CUR,_Z,_Z,_Z,_Z,_Z,2011,1183223.675,,,,0
FCSA:DF_NA_ISIC_CUR(3.4.0),AE,A,MILAED,FCSC,GDP,_Z,_Z,_Z,NFC,CUR,_Z,_Z,_Z,_Z,_Z,2012,1258214.848,,,,0
FCSA:DF_NA_ISIC_CUR(3.4.0),AE,A,MILAED,FCSC,GDP,_Z,_Z,_Z,NFC,CUR,_Z,_Z,_Z,_Z,_Z,2013,1292328.882,,,,0
FCSA:DF_NA_ISIC_CUR(3.4.0),AE,A,MILAED,FCSC,GDP,_Z,_Z,_Z,NFC,CUR,_Z,_Z,_Z,_Z,_Z,2014,1324190.875,,,,0
FCSA:DF_NA_ISIC_CUR(3.4.0),AE,A,MILAED,FCSC,GDP,_Z,_Z,_Z,NFC,CUR,_Z,_Z,_Z,_Z,_Z,2015,1151985.018,,,,0
FCSA:DF_NA_ISIC_CUR(3.4.0),AE,A,MILAED,FCSC,GDP,_Z,_Z,_Z,NFC,CUR,_Z,_Z,_Z,_Z,_Z,2016,1137963.987,,,,0
FCSA:DF_NA_ISIC_CUR(3.4.0),AE,A,MILAED,FCSC,GDP,_Z,_Z,_Z,NFC,CUR,_Z,_Z,_Z,_Z,_Z,2017,1202831.402,,,,0
FCSA:DF_NA_ISIC_CUR(3.4.0),AE,A,MILAED,FCSC,GDP,_Z,_Z,_Z,NFC,CUR,_Z,_Z,_Z,_Z,_Z,2018,1333678.663,,,,0
FCSA:DF_NA_ISIC_CUR(3.4.0),AE,A,MILAED,FCSC,GDP,_Z,_Z,_Z,NFC,CUR,_Z,_Z,_Z,_Z,_Z,2019,1304390.251,,,,0
FCSA:DF_NA_ISIC_CUR(3.4.0),AE,A,MILAED,FCSC,GDP,_Z,_Z,_Z,NFC,CUR,_Z,_Z,_Z,_Z,_Z,2020,1049243.782,,,,0
FCSA:DF_NA_ISIC_CUR(3.4.0),AE,A,MILAED,FCSC,GDP,_Z,_Z,_Z,NFC,CUR,_Z,_Z,_Z,_Z,_Z,2021,1281018.494,,,,0
FCSA:DF_NA_ISIC_CUR(3.4.0),AE,A,MILAED,FCSC,GDP,_Z,_Z,_Z,NFC,CUR,_Z,_Z,_Z,_Z,_Z,2022,1582420.58,,,,0
FCSA:DF_NA_ISIC_CUR(3.4.0),AE,A,MILAED,FCSC,GDP,_Z,_Z,_Z,NFC,CUR,_Z,_Z,_Z,_Z,_Z,2023,1602244.625,,,,0
FCSA:DF_NA_ISIC_CUR(3.4.0),AE,A,MILAED,FCSC,GDP,_Z,_Z,_Z,NFC,CUR,_Z,_Z,_Z,_Z,_Z,2024,1685015.406,,,,0
