DATAFLOW,REF_AREA,FREQ,UNIT_MEASURE,SOURCE_DETAIL,MEASURE,TRADE_TYPE,HS_SECTION,HS_CHAPTER,COUNTRY,TIME_PERIOD,OBS_VALUE,OBS_STATUS,UNIT_MULT,OBS_COMMENT,DECIMALS
FCSA:DF_TRADE_TOT_MTH(5.1.0),AE,M,AED,FCSC,MTH_SEC,NOEXP,_T,_Z,_Z,2017-01,14232988777.99,,,,0
FCSA:DF_TRADE_TOT_MTH(5.1.0),AE,M,AED,FCSC,MTH_SEC,NOEXP,_T,_Z,_Z,2017-02,13759812891.08,,,,0
FCSA:DF_TRADE_TOT_MTH(5.1.0),AE,M,AED,FCSC,MTH_SEC,NOEXP,_T,_Z,_Z,2017-03,16380378420.79,,,,0
FCSA:DF_TRADE_TOT_MTH(5.1.0),AE,M,AED,FCSC,MTH_SEC,NOEXP,_T,_Z,_Z,2017-04,15732140088.49,,,,0
FCSA:DF_TRADE_TOT_MTH(5.1.0),AE,M,AED,FCSC,MTH_SEC,NOEXP,_T,_Z,_Z,2017-05,15986109024.15,,,,0
FCSA:DF_TRADE_TOT_MTH(5.1.0),AE,M,AED,FCSC,MTH_SEC,NOEXP,_T,_Z,_Z,2017-06,12085872721.85,,,,0
FCSA:DF_TRADE_TOT_MTH(5.1.0),AE,M,AED,FCSC,MTH_SEC,NOEXP,_T,_Z,_Z,2017-07,17021022800.10,,,,0
FCSA:DF_TRADE_TOT_MTH(5.1.0),AE,M,AED,FCSC,MTH_SEC,NOEXP,_T,_Z,_Z,2017-08,15900894828.32,,,,0
FCSA:DF_TRADE_TOT_MTH(5.1.0),AE,M,AED,FCSC,MTH_SEC,NOEXP,_T,_Z,_Z,2017-09,14056546872.06,,,,0
FCSA:DF_TRADE_TOT_MTH(5.1.0),AE,M,AED,FCSC,MTH_SEC,NOEXP,_T,_Z,_Z,2017-10,16798549268.73,,,,0
FCSA:DF_TRADE_TOT_MTH(5.1.0),AE,M,AED,FCSC,MTH_SEC,NOEXP,_T,_Z,_Z,2017-11,14605175087.85,,,,0
FCSA:DF_TRADE_TOT_MTH(5.1.0),AE,M,AED,FCSC,MTH_SEC,NOEXP,_T,_Z,_Z,2017-12,14479049337.74,,,,0
FCSA:DF_TRADE_TOT_MTH(5.1.0),AE,M,AED,FCSC,MTH_SEC,NOEXP,_T,_Z,_Z,2018-01,17166762144.32,,,,0
FCSA:DF_TRADE_TOT_MTH(5.1.0),AE,M,AED,FCSC,MTH_SEC,NOEXP,_T,_Z,_Z,2018-02,17340814801.34,,,,0
FCSA:DF_TRADE_TOT_MTH(5.1.0),AE,M,AED,FCSC,MTH_SEC,NOEXP,_T,_Z,_Z,2018-03,17509366371.29,,,,0
FCSA:DF_TRADE_TOT_MTH(5.1.0),AE,M,AED,FCSC,MTH_SEC,NOEXP,_T,_Z,_Z,2018-04,18097531325.49,,,,0
FCSA:DF_TRADE_TOT_MTH(5.1.0),AE,M,AED,FCSC,MTH_SEC,NOEXP,_T,_Z,_Z,2018-05,16967178700.65,,,,0
FCSA:DF_TRADE_TOT_MTH(5.1.0),AE,M,AED,FCSC,MTH_SEC,NOEXP,_T,_Z,_Z,2018-06,15570534491.51,,,,0
FCSA:DF_TRADE_TOT_MTH(5.1.0),AE,M,AED,FCSC,MTH_SEC,NOEXP,_T,_Z,_Z,2018-07,17245469107.97,,,,0
FCSA:DF_TRADE_TOT_MTH(5.1.0),AE,M,AED,FCSC,MTH_SEC,NOEXP,_T,_Z,_Z,2018-08,15199175150.88,,,,0
FCSA:DF_TRADE_TOT_MTH(5.1.0),AE,M,AED,FCSC,MTH_SEC,NOEXP,_T,_Z,_Z,2018-09,18907469943.48,,,,0
FCSA:DF_TRADE_TOT_MTH(5.1.0),AE,M,AED,FCSC,MTH_SEC,NOEXP,_T,_Z,_Z,2018-10,17161999534.54,,,,0
FCSA:DF_TRADE_TOT_MTH(5.1.0),AE,M,AED,FCSC,MTH_SEC,NOEXP,_T,_Z,_Z,2018-11,17107793670.75,,,,0
FCSA:DF_TRADE_TOT_MTH(5.1.0),AE,M,AED,FCSC,MTH_SEC,NOEXP,_T,_Z,_Z,2018-12,17775411549.14,,,,0
FCSA:DF_TRADE_TOT_MTH(5.1.0),AE,M,AED,FCSC,MTH_SEC,NOEXP,_T,_Z,_Z,2019-01,19877925468.88,,,,0
FCSA:DF_TRADE_TOT_MTH(5.1.0),AE,M,AED,FCSC,MTH_SEC,NOEXP,_T,_Z,_Z,2019-02,17107015230.62,,,,0
FCSA:DF_TRADE_TOT_MTH(5.1.0),AE,M,AED,FCSC,MTH_SEC,NOEXP,_T,_Z,_Z,2019-03,23358046958.44,,,,0
FCSA:DF_TRADE_TOT_MTH(5.1.0),AE,M,AED,FCSC,MTH_SEC,NOEXP,_T,_Z,_Z,2019-04,20164453031.21,,,,0
FCSA:DF_TRADE_TOT_MTH(5.1.0),AE,M,AED,FCSC,MTH_SEC,NOEXP,_T,_Z,_Z,2019-05,18347116022.88,,,,0
FCSA:DF_TRADE_TOT_MTH(5.1.0),AE,M,AED,FCSC,MTH_SEC,NOEXP,_T,_Z,_Z,2019-06,16006312581.07,,,,0
FCSA:DF_TRADE_TOT_MTH(5.1.0),AE,M,AED,FCSC,MTH_SEC,NOEXP,_T,_Z,_Z,2019-07,21512460370.88,,,,0
FCSA:DF_TRADE_TOT_MTH(5.1.0),AE,M,AED,FCSC,MTH_SEC,NOEXP,_T,_Z,_Z,2019-08,17682731822.84,,,,0
FCSA:DF_TRADE_TOT_MTH(5.1.0),AE,M,AED,FCSC,MTH_SEC,NOEXP,_T,_Z,_Z,2019-09,19300998955.96,,,,0
FCSA:DF_TRADE_TOT_MTH(5.1.0),AE,M,AED,FCSC,MTH_SEC,NOEXP,_T,_Z,_Z,2019-10,21385062555.86,,,,0
FCSA:DF_TRADE_TOT_MTH(5.1.0),AE,M,AED,FCSC,MTH_SEC,NOEXP,_T,_Z,_Z,2019-11,18253294321.69,,,,0
FCSA:DF_TRADE_TOT_MTH(5.1.0),AE,M,AED,FCSC,MTH_SEC,NOEXP,_T,_Z,_Z,2019-12,18241253128.49,,,,0
FCSA:DF_TRADE_TOT_MTH(5.1.0),AE,M,AED,FCSC,MTH_SEC,NOEXP,_T,_Z,_Z,2020-01,20007626988.98,,,,0
FCSA:DF_TRADE_TOT_MTH(5.1.0),AE,M,AED,FCSC,MTH_SEC,NOEXP,_T,_Z,_Z,2020-02,19765753789.55,,,,0
FCSA:DF_TRADE_TOT_MTH(5.1.0),AE,M,AED,FCSC,MTH_SEC,NOEXP,_T,_Z,_Z,2020-03,19360226320.02,,,,0
FCSA:DF_TRADE_TOT_MTH(5.1.0),AE,M,AED,FCSC,MTH_SEC,NOEXP,_T,_Z,_Z,2020-04,14355624984.75,,,,0
FCSA:DF_TRADE_TOT_MTH(5.1.0),AE,M,AED,FCSC,MTH_SEC,NOEXP,_T,_Z,_Z,2020-05,17054757384.48,,,,0
FCSA:DF_TRADE_TOT_MTH(5.1.0),AE,M,AED,FCSC,MTH_SEC,NOEXP,_T,_Z,_Z,2020-06,20061418758.32,,,,0
FCSA:DF_TRADE_TOT_MTH(5.1.0),AE,M,AED,FCSC,MTH_SEC,NOEXP,_T,_Z,_Z,2020-07,21004540890.02,,,,0
FCSA:DF_TRADE_TOT_MTH(5.1.0),AE,M,AED,FCSC,MTH_SEC,NOEXP,_T,_Z,_Z,2020-08,25653792665.77,,,,0
FCSA:DF_TRADE_TOT_MTH(5.1.0),AE,M,AED,FCSC,MTH_SEC,NOEXP,_T,_Z,_Z,2020-09,27053747162.58,,,,0
FCSA:DF_TRADE_TOT_MTH(5.1.0),AE,M,AED,FCSC,MTH_SEC,NOEXP,_T,_Z,_Z,2020-10,23154977705.38,,,,0
FCSA:DF_TRADE_TOT_MTH(5.1.0),AE,M,AED,FCSC,MTH_SEC,NOEXP,_T,_Z,_Z,2020-11,24896038501.32,,,,0
FCSA:DF_TRADE_TOT_MTH(5.1.0),AE,M,AED,FCSC,MTH_SEC,NOEXP,_T,_Z,_Z,2020-12,22273079606.06,,,,0
FCSA:DF_TRADE_TOT_MTH(5.1.0),AE,M,AED,FCSC,MTH_SEC,NOEXP,_T,_Z,_Z,2021-01,23032523521.98,,,,0
FCSA:DF_TRADE_TOT_MTH(5.1.0),AE,M,AED,FCSC,MTH_SEC,NOEXP,_T,_Z,_Z,2021-02,22440618002.92,,,,0
FCSA:DF_TRADE_TOT_MTH(5.1.0),AE,M,AED,FCSC,MTH_SEC,NOEXP,_T,_Z,_Z,2021-03,29303185255.17,,,,0
FCSA:DF_TRADE_TOT_MTH(5.1.0),AE,M,AED,FCSC,MTH_SEC,NOEXP,_T,_Z,_Z,2021-04,27531206669.41,,,,0
FCSA:DF_TRADE_TOT_MTH(5.1.0),AE,M,AED,FCSC,MTH_SEC,NOEXP,_T,_Z,_Z,2021-05,28461162366.64,,,,0
FCSA:DF_TRADE_TOT_MTH(5.1.0),AE,M,AED,FCSC,MTH_SEC,NOEXP,_T,_Z,_Z,2021-06,29873782821.87,,,,0
FCSA:DF_TRADE_TOT_MTH(5.1.0),AE,M,AED,FCSC,MTH_SEC,NOEXP,_T,_Z,_Z,2021-07,23750187098.64,,,,0
FCSA:DF_TRADE_TOT_MTH(5.1.0),AE,M,AED,FCSC,MTH_SEC,NOEXP,_T,_Z,_Z,2021-08,29631527780.25,,,,0
FCSA:DF_TRADE_TOT_MTH(5.1.0),AE,M,AED,FCSC,MTH_SEC,NOEXP,_T,_Z,_Z,2021-09,28723128062.83,,,,0
FCSA:DF_TRADE_TOT_MTH(5.1.0),AE,M,AED,FCSC,MTH_SEC,NOEXP,_T,_Z,_Z,2021-10,29226729689.27,,,,0
FCSA:DF_TRADE_TOT_MTH(5.1.0),AE,M,AED,FCSC,MTH_SEC,NOEXP,_T,_Z,_Z,2021-11,31006959565.17,,,,0
FCSA:DF_TRADE_TOT_MTH(5.1.0),AE,M,AED,FCSC,MTH_SEC,NOEXP,_T,_Z,_Z,2021-12,28647838680.46,,,,0
FCSA:DF_TRADE_TOT_MTH(5.1.0),AE,M,AED,FCSC,MTH_SEC,NOEXP,_T,_Z,_Z,2022-01,26933359669.33,,,,0
FCSA:DF_TRADE_TOT_MTH(5.1.0),AE,M,AED,FCSC,MTH_SEC,NOEXP,_T,_Z,_Z,2022-02,26573832283.74,,,,0
FCSA:DF_TRADE_TOT_MTH(5.1.0),AE,M,AED,FCSC,MTH_SEC,NOEXP,_T,_Z,_Z,2022-03,36895752153.76,,,,0
FCSA:DF_TRADE_TOT_MTH(5.1.0),AE,M,AED,FCSC,MTH_SEC,NOEXP,_T,_Z,_Z,2022-04,29357479109.07,,,,0
FCSA:DF_TRADE_TOT_MTH(5.1.0),AE,M,AED,FCSC,MTH_SEC,NOEXP,_T,_Z,_Z,2022-05,28113619493.83,,,,0
FCSA:DF_TRADE_TOT_MTH(5.1.0),AE,M,AED,FCSC,MTH_SEC,NOEXP,_T,_Z,_Z,2022-06,31206224216.29,,,,0
FCSA:DF_TRADE_TOT_MTH(5.1.0),AE,M,AED,FCSC,MTH_SEC,NOEXP,_T,_Z,_Z,2022-07,30739256636.03,,,,0
FCSA:DF_TRADE_TOT_MTH(5.1.0),AE,M,AED,FCSC,MTH_SEC,NOEXP,_T,_Z,_Z,2022-08,33109410584.89,,,,0
FCSA:DF_TRADE_TOT_MTH(5.1.0),AE,M,AED,FCSC,MTH_SEC,NOEXP,_T,_Z,_Z,2022-09,33526195881.62,,,,0
FCSA:DF_TRADE_TOT_MTH(5.1.0),AE,M,AED,FCSC,MTH_SEC,NOEXP,_T,_Z,_Z,2022-10,28506665194.16,,,,0
FCSA:DF_TRADE_TOT_MTH(5.1.0),AE,M,AED,FCSC,MTH_SEC,NOEXP,_T,_Z,_Z,2022-11,31023286950.35,,,,0
FCSA:DF_TRADE_TOT_MTH(5.1.0),AE,M,AED,FCSC,MTH_SEC,NOEXP,_T,_Z,_Z,2022-12,32359275917.93,,,,0
FCSA:DF_TRADE_TOT_MTH(5.1.0),AE,M,AED,FCSC,MTH_SEC,NOEXP,_T,_Z,_Z,2023-01,34979028458.90,,,,0
FCSA:DF_TRADE_TOT_MTH(5.1.0),AE,M,AED,FCSC,MTH_SEC,NOEXP,_T,_Z,_Z,2023-02,29907791405.34,,,,0
FCSA:DF_TRADE_TOT_MTH(5.1.0),AE,M,AED,FCSC,MTH_SEC,NOEXP,_T,_Z,_Z,2023-03,35705265378.79,,,,0
FCSA:DF_TRADE_TOT_MTH(5.1.0),AE,M,AED,FCSC,MTH_SEC,NOEXP,_T,_Z,_Z,2023-04,30644643235.66,,,,0
FCSA:DF_TRADE_TOT_MTH(5.1.0),AE,M,AED,FCSC,MTH_SEC,NOEXP,_T,_Z,_Z,2023-05,39933994992.16,,,,0
FCSA:DF_TRADE_TOT_MTH(5.1.0),AE,M,AED,FCSC,MTH_SEC,NOEXP,_T,_Z,_Z,2023-06,27768889356.20,,,,0
FCSA:DF_TRADE_TOT_MTH(5.1.0),AE,M,AED,FCSC,MTH_SEC,NOEXP,_T,_Z,_Z,2023-07,28894445171.06,,,,0
FCSA:DF_TRADE_TOT_MTH(5.1.0),AE,M,AED,FCSC,MTH_SEC,NOEXP,_T,_Z,_Z,2023-08,36685723884.04,,,,0
FCSA:DF_TRADE_TOT_MTH(5.1.0),AE,M,AED,FCSC,MTH_SEC,NOEXP,_T,_Z,_Z,2023-09,33582740868.39,,,,0
FCSA:DF_TRADE_TOT_MTH(5.1.0),AE,M,AED,FCSC,MTH_SEC,NOEXP,_T,_Z,_Z,2023-10,38206068279.04,,,,0
FCSA:DF_TRADE_TOT_MTH(5.1.0),AE,M,AED,FCSC,MTH_SEC,NOEXP,_T,_Z,_Z,2023-11,40656634135.18,,,,0
FCSA:DF_TRADE_TOT_MTH(5.1.0),AE,M,AED,FCSC,MTH_SEC,NOEXP,_T,_Z,_Z,2023-12,43928637408.87,,,,0
FCSA:DF_TRADE_TOT_MTH(5.1.0),AE,M,AED,FCSC,MTH_SEC,NOEXP,_T,_Z,_Z,2024-01,41294702274.99,,,,0
FCSA:DF_TRADE_TOT_MTH(5.1.0),AE,M,AED,FCSC,MTH_SEC,NOEXP,_T,_Z,_Z,2024-02,38240916798.24,,,,0
FCSA:DF_TRADE_TOT_MTH(5.1.0),AE,M,AED,FCSC,MTH_SEC,NOEXP,_T,_Z,_Z,2024-03,42708611695.65,,,,0
FCSA:DF_TRADE_TOT_MTH(5.1.0),AE,M,AED,FCSC,MTH_SEC,NOEXP,_T,_Z,_Z,2024-04,37186329387.08,,,,0
FCSA:DF_TRADE_TOT_MTH(5.1.0),AE,M,AED,FCSC,MTH_SEC,NOEXP,_T,_Z,_Z,2024-05,47537859392.27,,,,0
FCSA:DF_TRADE_TOT_MTH(5.1.0),AE,M,AED,FCSC,MTH_SEC,NOEXP,_T,_Z,_Z,2024-06,40892560655.68,,,,0
FCSA:DF_TRADE_TOT_MTH(5.1.0),AE,M,AED,FCSC,MTH_SEC,NOEXP,_T,_Z,_Z,2024-07,50585992031.01,,,,0
FCSA:DF_TRADE_TOT_MTH(5.1.0),AE,M,AED,FCSC,MTH_SEC,NOEXP,_T,_Z,_Z,2024-08,48079875303.05,,,,0
FCSA:DF_TRADE_TOT_MTH(5.1.0),AE,M,AED,FCSC,MTH_SEC,NOEXP,_T,_Z,_Z,2024-09,47539176179.43,,,,0
FCSA:DF_TRADE_TOT_MTH(5.1.0),AE,M,AED,FCSC,MTH_SEC,NOEXP,_T,_Z,_Z,2024-10,52031750119.25,,,,0
FCSA:DF_TRADE_TOT_MTH(5.1.0),AE,M,AED,FCSC,MTH_SEC,NOEXP,_T,_Z,_Z,2024-11,50312653569.11,,,,0
FCSA:DF_TRADE_TOT_MTH(5.1.0),AE,M,AED,FCSC,MTH_SEC,NOEXP,_T,_Z,_Z,2024-12,45476409587.81,,,,0
FCSA:DF_TRADE_TOT_MTH(5.1.0),AE,M,AED,FCSC,MTH_SEC,NOEXP,_T,_Z,_Z,2025-01,55141262146.06,,,,
FCSA:DF_TRADE_TOT_MTH(5.1.0),AE,M,AED,FCSC,MTH_SEC,NOEXP,_T,_Z,_Z,2025-02,57300464314.41,,,,
FCSA:DF_TRADE_TOT_MTH(5.1.0),AE,M,AED,FCSC,MTH_SEC,NOEXP,_T,_Z,_Z,2025-03,60290438698.47,,,,
FCSA:DF_TRADE_TOT_MTH(5.1.0),AE,M,AED,FCSC,MTH_SEC,IMP,_T,_Z,_Z,2017-01,81136506445.22,,,,0
FCSA:DF_TRADE_TOT_MTH(5.1.0),AE,M,AED,FCSC,MTH_SEC,IMP,_T,_Z,_Z,2017-02,75049630221.04,,,,0
FCSA:DF_TRADE_TOT_MTH(5.1.0),AE,M,AED,FCSC,MTH_SEC,IMP,_T,_Z,_Z,2017-03,84610914850.45,,,,0
FCSA:DF_TRADE_TOT_MTH(5.1.0),AE,M,AED,FCSC,MTH_SEC,IMP,_T,_Z,_Z,2017-04,79921349966.92,,,,0
FCSA:DF_TRADE_TOT_MTH(5.1.0),AE,M,AED,FCSC,MTH_SEC,IMP,_T,_Z,_Z,2017-05,83273406462.69,,,,0
FCSA:DF_TRADE_TOT_MTH(5.1.0),AE,M,AED,FCSC,MTH_SEC,IMP,_T,_Z,_Z,2017-06,70141284642.53,,,,0
FCSA:DF_TRADE_TOT_MTH(5.1.0),AE,M,AED,FCSC,MTH_SEC,IMP,_T,_Z,_Z,2017-07,82433727900.26,,,,0
FCSA:DF_TRADE_TOT_MTH(5.1.0),AE,M,AED,FCSC,MTH_SEC,IMP,_T,_Z,_Z,2017-08,76463544849.56,,,,0
FCSA:DF_TRADE_TOT_MTH(5.1.0),AE,M,AED,FCSC,MTH_SEC,IMP,_T,_Z,_Z,2017-09,72154703992.93,,,,0
FCSA:DF_TRADE_TOT_MTH(5.1.0),AE,M,AED,FCSC,MTH_SEC,IMP,_T,_Z,_Z,2017-10,75379981087.70,,,,0
FCSA:DF_TRADE_TOT_MTH(5.1.0),AE,M,AED,FCSC,MTH_SEC,IMP,_T,_Z,_Z,2017-11,78557343059.39,,,,0
FCSA:DF_TRADE_TOT_MTH(5.1.0),AE,M,AED,FCSC,MTH_SEC,IMP,_T,_Z,_Z,2017-12,87343391733.58,,,,0
FCSA:DF_TRADE_TOT_MTH(5.1.0),AE,M,AED,FCSC,MTH_SEC,IMP,_T,_Z,_Z,2018-01,66238630441.66,,,,0
FCSA:DF_TRADE_TOT_MTH(5.1.0),AE,M,AED,FCSC,MTH_SEC,IMP,_T,_Z,_Z,2018-02,66131254156.12,,,,0
FCSA:DF_TRADE_TOT_MTH(5.1.0),AE,M,AED,FCSC,MTH_SEC,IMP,_T,_Z,_Z,2018-03,77713632911.50,,,,0
FCSA:DF_TRADE_TOT_MTH(5.1.0),AE,M,AED,FCSC,MTH_SEC,IMP,_T,_Z,_Z,2018-04,77318835624.70,,,,0
FCSA:DF_TRADE_TOT_MTH(5.1.0),AE,M,AED,FCSC,MTH_SEC,IMP,_T,_Z,_Z,2018-05,75980836133.64,,,,0
FCSA:DF_TRADE_TOT_MTH(5.1.0),AE,M,AED,FCSC,MTH_SEC,IMP,_T,_Z,_Z,2018-06,74654578491.74,,,,0
FCSA:DF_TRADE_TOT_MTH(5.1.0),AE,M,AED,FCSC,MTH_SEC,IMP,_T,_Z,_Z,2018-07,86401227852.76,,,,0
FCSA:DF_TRADE_TOT_MTH(5.1.0),AE,M,AED,FCSC,MTH_SEC,IMP,_T,_Z,_Z,2018-08,68684443907.37,,,,0
FCSA:DF_TRADE_TOT_MTH(5.1.0),AE,M,AED,FCSC,MTH_SEC,IMP,_T,_Z,_Z,2018-09,72031389146.80,,,,0
FCSA:DF_TRADE_TOT_MTH(5.1.0),AE,M,AED,FCSC,MTH_SEC,IMP,_T,_Z,_Z,2018-10,77806914814.66,,,,0
FCSA:DF_TRADE_TOT_MTH(5.1.0),AE,M,AED,FCSC,MTH_SEC,IMP,_T,_Z,_Z,2018-11,76470282388.95,,,,0
FCSA:DF_TRADE_TOT_MTH(5.1.0),AE,M,AED,FCSC,MTH_SEC,IMP,_T,_Z,_Z,2018-12,79048995538.70,,,,0
FCSA:DF_TRADE_TOT_MTH(5.1.0),AE,M,AED,FCSC,MTH_SEC,IMP,_T,_Z,_Z,2019-01,76537050827.34,,,,0
FCSA:DF_TRADE_TOT_MTH(5.1.0),AE,M,AED,FCSC,MTH_SEC,IMP,_T,_Z,_Z,2019-02,67942538191.52,,,,0
FCSA:DF_TRADE_TOT_MTH(5.1.0),AE,M,AED,FCSC,MTH_SEC,IMP,_T,_Z,_Z,2019-03,75277008317.50,,,,0
FCSA:DF_TRADE_TOT_MTH(5.1.0),AE,M,AED,FCSC,MTH_SEC,IMP,_T,_Z,_Z,2019-04,77359614310.62,,,,0
FCSA:DF_TRADE_TOT_MTH(5.1.0),AE,M,AED,FCSC,MTH_SEC,IMP,_T,_Z,_Z,2019-05,76929430983.18,,,,0
FCSA:DF_TRADE_TOT_MTH(5.1.0),AE,M,AED,FCSC,MTH_SEC,IMP,_T,_Z,_Z,2019-06,70418442071.31,,,,0
FCSA:DF_TRADE_TOT_MTH(5.1.0),AE,M,AED,FCSC,MTH_SEC,IMP,_T,_Z,_Z,2019-07,78173901201.63,,,,0
FCSA:DF_TRADE_TOT_MTH(5.1.0),AE,M,AED,FCSC,MTH_SEC,IMP,_T,_Z,_Z,2019-08,69231686830.24,,,,0
FCSA:DF_TRADE_TOT_MTH(5.1.0),AE,M,AED,FCSC,MTH_SEC,IMP,_T,_Z,_Z,2019-09,81677136888.48,,,,0
FCSA:DF_TRADE_TOT_MTH(5.1.0),AE,M,AED,FCSC,MTH_SEC,IMP,_T,_Z,_Z,2019-10,82900047617.59,,,,0
FCSA:DF_TRADE_TOT_MTH(5.1.0),AE,M,AED,FCSC,MTH_SEC,IMP,_T,_Z,_Z,2019-11,77712275395.06,,,,0
FCSA:DF_TRADE_TOT_MTH(5.1.0),AE,M,AED,FCSC,MTH_SEC,IMP,_T,_Z,_Z,2019-12,80692383153.17,,,,0
FCSA:DF_TRADE_TOT_MTH(5.1.0),AE,M,AED,FCSC,MTH_SEC,IMP,_T,_Z,_Z,2020-01,77230016797.58,,,,0
FCSA:DF_TRADE_TOT_MTH(5.1.0),AE,M,AED,FCSC,MTH_SEC,IMP,_T,_Z,_Z,2020-02,77264512748.88,,,,0
FCSA:DF_TRADE_TOT_MTH(5.1.0),AE,M,AED,FCSC,MTH_SEC,IMP,_T,_Z,_Z,2020-03,67887608857.62,,,,0
FCSA:DF_TRADE_TOT_MTH(5.1.0),AE,M,AED,FCSC,MTH_SEC,IMP,_T,_Z,_Z,2020-04,47665679446.98,,,,0
FCSA:DF_TRADE_TOT_MTH(5.1.0),AE,M,AED,FCSC,MTH_SEC,IMP,_T,_Z,_Z,2020-05,51276374889.42,,,,0
FCSA:DF_TRADE_TOT_MTH(5.1.0),AE,M,AED,FCSC,MTH_SEC,IMP,_T,_Z,_Z,2020-06,58817549632.69,,,,0
FCSA:DF_TRADE_TOT_MTH(5.1.0),AE,M,AED,FCSC,MTH_SEC,IMP,_T,_Z,_Z,2020-07,56513024724.75,,,,0
FCSA:DF_TRADE_TOT_MTH(5.1.0),AE,M,AED,FCSC,MTH_SEC,IMP,_T,_Z,_Z,2020-08,68325317194.65,,,,0
FCSA:DF_TRADE_TOT_MTH(5.1.0),AE,M,AED,FCSC,MTH_SEC,IMP,_T,_Z,_Z,2020-09,66169731294.45,,,,0
FCSA:DF_TRADE_TOT_MTH(5.1.0),AE,M,AED,FCSC,MTH_SEC,IMP,_T,_Z,_Z,2020-10,66261134586.17,,,,0
FCSA:DF_TRADE_TOT_MTH(5.1.0),AE,M,AED,FCSC,MTH_SEC,IMP,_T,_Z,_Z,2020-11,71652623052.27,,,,0
FCSA:DF_TRADE_TOT_MTH(5.1.0),AE,M,AED,FCSC,MTH_SEC,IMP,_T,_Z,_Z,2020-12,76048490645.54,,,,0
FCSA:DF_TRADE_TOT_MTH(5.1.0),AE,M,AED,FCSC,MTH_SEC,IMP,_T,_Z,_Z,2021-01,75580302675.27,,,,0
FCSA:DF_TRADE_TOT_MTH(5.1.0),AE,M,AED,FCSC,MTH_SEC,IMP,_T,_Z,_Z,2021-02,69715782556.82,,,,0
FCSA:DF_TRADE_TOT_MTH(5.1.0),AE,M,AED,FCSC,MTH_SEC,IMP,_T,_Z,_Z,2021-03,87843856095.03,,,,0
FCSA:DF_TRADE_TOT_MTH(5.1.0),AE,M,AED,FCSC,MTH_SEC,IMP,_T,_Z,_Z,2021-04,78061716515.61,,,,0
FCSA:DF_TRADE_TOT_MTH(5.1.0),AE,M,AED,FCSC,MTH_SEC,IMP,_T,_Z,_Z,2021-05,79091656216.58,,,,0
FCSA:DF_TRADE_TOT_MTH(5.1.0),AE,M,AED,FCSC,MTH_SEC,IMP,_T,_Z,_Z,2021-06,83219002372.70,,,,0
FCSA:DF_TRADE_TOT_MTH(5.1.0),AE,M,AED,FCSC,MTH_SEC,IMP,_T,_Z,_Z,2021-07,76026162759.28,,,,0
FCSA:DF_TRADE_TOT_MTH(5.1.0),AE,M,AED,FCSC,MTH_SEC,IMP,_T,_Z,_Z,2021-08,81959975547.81,,,,0
FCSA:DF_TRADE_TOT_MTH(5.1.0),AE,M,AED,FCSC,MTH_SEC,IMP,_T,_Z,_Z,2021-09,84500681130.01,,,,0
FCSA:DF_TRADE_TOT_MTH(5.1.0),AE,M,AED,FCSC,MTH_SEC,IMP,_T,_Z,_Z,2021-10,89050008435.47,,,,0
FCSA:DF_TRADE_TOT_MTH(5.1.0),AE,M,AED,FCSC,MTH_SEC,IMP,_T,_Z,_Z,2021-11,93232641307.62,,,,0
FCSA:DF_TRADE_TOT_MTH(5.1.0),AE,M,AED,FCSC,MTH_SEC,IMP,_T,_Z,_Z,2021-12,93351707492.57,,,,0
FCSA:DF_TRADE_TOT_MTH(5.1.0),AE,M,AED,FCSC,MTH_SEC,IMP,_T,_Z,_Z,2022-01,90979230029.29,,,,0
FCSA:DF_TRADE_TOT_MTH(5.1.0),AE,M,AED,FCSC,MTH_SEC,IMP,_T,_Z,_Z,2022-02,89100740485.38,,,,0
FCSA:DF_TRADE_TOT_MTH(5.1.0),AE,M,AED,FCSC,MTH_SEC,IMP,_T,_Z,_Z,2022-03,103636550669.37,,,,0
FCSA:DF_TRADE_TOT_MTH(5.1.0),AE,M,AED,FCSC,MTH_SEC,IMP,_T,_Z,_Z,2022-04,93794723815.49,,,,0
FCSA:DF_TRADE_TOT_MTH(5.1.0),AE,M,AED,FCSC,MTH_SEC,IMP,_T,_Z,_Z,2022-05,92176802783.10,,,,0
FCSA:DF_TRADE_TOT_MTH(5.1.0),AE,M,AED,FCSC,MTH_SEC,IMP,_T,_Z,_Z,2022-06,98482701308.86,,,,0
FCSA:DF_TRADE_TOT_MTH(5.1.0),AE,M,AED,FCSC,MTH_SEC,IMP,_T,_Z,_Z,2022-07,98554755929.26,,,,0
FCSA:DF_TRADE_TOT_MTH(5.1.0),AE,M,AED,FCSC,MTH_SEC,IMP,_T,_Z,_Z,2022-08,104378373678.85,,,,0
FCSA:DF_TRADE_TOT_MTH(5.1.0),AE,M,AED,FCSC,MTH_SEC,IMP,_T,_Z,_Z,2022-09,111895787630.68,,,,0
FCSA:DF_TRADE_TOT_MTH(5.1.0),AE,M,AED,FCSC,MTH_SEC,IMP,_T,_Z,_Z,2022-10,109030086746.01,,,,0
FCSA:DF_TRADE_TOT_MTH(5.1.0),AE,M,AED,FCSC,MTH_SEC,IMP,_T,_Z,_Z,2022-11,112521230970.12,,,,0
FCSA:DF_TRADE_TOT_MTH(5.1.0),AE,M,AED,FCSC,MTH_SEC,IMP,_T,_Z,_Z,2022-12,111402979802.54,,,,0
FCSA:DF_TRADE_TOT_MTH(5.1.0),AE,M,AED,FCSC,MTH_SEC,IMP,_T,_Z,_Z,2023-01,112332460156.09,,,,0
FCSA:DF_TRADE_TOT_MTH(5.1.0),AE,M,AED,FCSC,MTH_SEC,IMP,_T,_Z,_Z,2023-02,114235098652.83,,,,0
FCSA:DF_TRADE_TOT_MTH(5.1.0),AE,M,AED,FCSC,MTH_SEC,IMP,_T,_Z,_Z,2023-03,127032889789.79,,,,0
FCSA:DF_TRADE_TOT_MTH(5.1.0),AE,M,AED,FCSC,MTH_SEC,IMP,_T,_Z,_Z,2023-04,101140312629.35,,,,0
FCSA:DF_TRADE_TOT_MTH(5.1.0),AE,M,AED,FCSC,MTH_SEC,IMP,_T,_Z,_Z,2023-05,123500089691.17,,,,0
FCSA:DF_TRADE_TOT_MTH(5.1.0),AE,M,AED,FCSC,MTH_SEC,IMP,_T,_Z,_Z,2023-06,108913019319.42,,,,0
FCSA:DF_TRADE_TOT_MTH(5.1.0),AE,M,AED,FCSC,MTH_SEC,IMP,_T,_Z,_Z,2023-07,118054980451.27,,,,0
FCSA:DF_TRADE_TOT_MTH(5.1.0),AE,M,AED,FCSC,MTH_SEC,IMP,_T,_Z,_Z,2023-08,122107122417.34,,,,0
FCSA:DF_TRADE_TOT_MTH(5.1.0),AE,M,AED,FCSC,MTH_SEC,IMP,_T,_Z,_Z,2023-09,115251812927.93,,,,0
FCSA:DF_TRADE_TOT_MTH(5.1.0),AE,M,AED,FCSC,MTH_SEC,IMP,_T,_Z,_Z,2023-10,134888381763.33,,,,0
FCSA:DF_TRADE_TOT_MTH(5.1.0),AE,M,AED,FCSC,MTH_SEC,IMP,_T,_Z,_Z,2023-11,130272228566.72,,,,0
FCSA:DF_TRADE_TOT_MTH(5.1.0),AE,M,AED,FCSC,MTH_SEC,IMP,_T,_Z,_Z,2023-12,131301269772.17,,,,0
FCSA:DF_TRADE_TOT_MTH(5.1.0),AE,M,AED,FCSC,MTH_SEC,IMP,_T,_Z,_Z,2024-01,122860402282.05,,,,0
FCSA:DF_TRADE_TOT_MTH(5.1.0),AE,M,AED,FCSC,MTH_SEC,IMP,_T,_Z,_Z,2024-02,130159097256.20,,,,0
FCSA:DF_TRADE_TOT_MTH(5.1.0),AE,M,AED,FCSC,MTH_SEC,IMP,_T,_Z,_Z,2024-03,134346398702.62,,,,0
FCSA:DF_TRADE_TOT_MTH(5.1.0),AE,M,AED,FCSC,MTH_SEC,IMP,_T,_Z,_Z,2024-04,114098029314.04,,,,0
FCSA:DF_TRADE_TOT_MTH(5.1.0),AE,M,AED,FCSC,MTH_SEC,IMP,_T,_Z,_Z,2024-05,137620235746.30,,,,0
FCSA:DF_TRADE_TOT_MTH(5.1.0),AE,M,AED,FCSC,MTH_SEC,IMP,_T,_Z,_Z,2024-06,125580816893.82,,,,0
FCSA:DF_TRADE_TOT_MTH(5.1.0),AE,M,AED,FCSC,MTH_SEC,IMP,_T,_Z,_Z,2024-07,136205331914.46,,,,0
FCSA:DF_TRADE_TOT_MTH(5.1.0),AE,M,AED,FCSC,MTH_SEC,IMP,_T,_Z,_Z,2024-08,136434900964.59,,,,0
FCSA:DF_TRADE_TOT_MTH(5.1.0),AE,M,AED,FCSC,MTH_SEC,IMP,_T,_Z,_Z,2024-09,139134367117.70,,,,0
FCSA:DF_TRADE_TOT_MTH(5.1.0),AE,M,AED,FCSC,MTH_SEC,IMP,_T,_Z,_Z,2024-10,158310757773.47,,,,0
FCSA:DF_TRADE_TOT_MTH(5.1.0),AE,M,AED,FCSC,MTH_SEC,IMP,_T,_Z,_Z,2024-11,148735671278.98,,,,0
FCSA:DF_TRADE_TOT_MTH(5.1.0),AE,M,AED,FCSC,MTH_SEC,IMP,_T,_Z,_Z,2024-12,149576356429.53,,,,0
FCSA:DF_TRADE_TOT_MTH(5.1.0),AE,M,AED,FCSC,MTH_SEC,IMP,_T,_Z,_Z,2025-01,154398450906.71,,,,
FCSA:DF_TRADE_TOT_MTH(5.1.0),AE,M,AED,FCSC,MTH_SEC,IMP,_T,_Z,_Z,2025-02,142159852330.51,,,,
FCSA:DF_TRADE_TOT_MTH(5.1.0),AE,M,AED,FCSC,MTH_SEC,IMP,_T,_Z,_Z,2025-03,151246567748.24,,,,
FCSA:DF_TRADE_TOT_MTH(5.1.0),AE,M,AED,FCSC,MTH_SEC,TTRADE,_T,_Z,_Z,2017-01,125892806176.91,,,,0
FCSA:DF_TRADE_TOT_MTH(5.1.0),AE,M,AED,FCSC,MTH_SEC,TTRADE,_T,_Z,_Z,2017-02,122435623611.53,,,,0
FCSA:DF_TRADE_TOT_MTH(5.1.0),AE,M,AED,FCSC,MTH_SEC,TTRADE,_T,_Z,_Z,2017-03,136424711424.85,,,,0
FCSA:DF_TRADE_TOT_MTH(5.1.0),AE,M,AED,FCSC,MTH_SEC,TTRADE,_T,_Z,_Z,2017-04,126674857521.54,,,,0
FCSA:DF_TRADE_TOT_MTH(5.1.0),AE,M,AED,FCSC,MTH_SEC,TTRADE,_T,_Z,_Z,2017-05,134880419662.73,,,,0
FCSA:DF_TRADE_TOT_MTH(5.1.0),AE,M,AED,FCSC,MTH_SEC,TTRADE,_T,_Z,_Z,2017-06,111145143491.63,,,,0
FCSA:DF_TRADE_TOT_MTH(5.1.0),AE,M,AED,FCSC,MTH_SEC,TTRADE,_T,_Z,_Z,2017-07,132385441514.43,,,,0
FCSA:DF_TRADE_TOT_MTH(5.1.0),AE,M,AED,FCSC,MTH_SEC,TTRADE,_T,_Z,_Z,2017-08,124539063549.82,,,,0
FCSA:DF_TRADE_TOT_MTH(5.1.0),AE,M,AED,FCSC,MTH_SEC,TTRADE,_T,_Z,_Z,2017-09,117731573652.16,,,,0
FCSA:DF_TRADE_TOT_MTH(5.1.0),AE,M,AED,FCSC,MTH_SEC,TTRADE,_T,_Z,_Z,2017-10,126880905762.82,,,,0
FCSA:DF_TRADE_TOT_MTH(5.1.0),AE,M,AED,FCSC,MTH_SEC,TTRADE,_T,_Z,_Z,2017-11,129138763445.77,,,,0
FCSA:DF_TRADE_TOT_MTH(5.1.0),AE,M,AED,FCSC,MTH_SEC,TTRADE,_T,_Z,_Z,2017-12,139683327326.23,,,,0
FCSA:DF_TRADE_TOT_MTH(5.1.0),AE,M,AED,FCSC,MTH_SEC,TTRADE,_T,_Z,_Z,2018-01,116574284554.92,,,,0
FCSA:DF_TRADE_TOT_MTH(5.1.0),AE,M,AED,FCSC,MTH_SEC,TTRADE,_T,_Z,_Z,2018-02,120190626768.90,,,,0
FCSA:DF_TRADE_TOT_MTH(5.1.0),AE,M,AED,FCSC,MTH_SEC,TTRADE,_T,_Z,_Z,2018-03,133703143726.61,,,,0
FCSA:DF_TRADE_TOT_MTH(5.1.0),AE,M,AED,FCSC,MTH_SEC,TTRADE,_T,_Z,_Z,2018-04,135554072813.20,,,,0
FCSA:DF_TRADE_TOT_MTH(5.1.0),AE,M,AED,FCSC,MTH_SEC,TTRADE,_T,_Z,_Z,2018-05,131160345640.37,,,,0
FCSA:DF_TRADE_TOT_MTH(5.1.0),AE,M,AED,FCSC,MTH_SEC,TTRADE,_T,_Z,_Z,2018-06,123309683414.18,,,,0
FCSA:DF_TRADE_TOT_MTH(5.1.0),AE,M,AED,FCSC,MTH_SEC,TTRADE,_T,_Z,_Z,2018-07,142421186349.90,,,,0
FCSA:DF_TRADE_TOT_MTH(5.1.0),AE,M,AED,FCSC,MTH_SEC,TTRADE,_T,_Z,_Z,2018-08,112639554795.39,,,,0
FCSA:DF_TRADE_TOT_MTH(5.1.0),AE,M,AED,FCSC,MTH_SEC,TTRADE,_T,_Z,_Z,2018-09,125673851365.54,,,,0
FCSA:DF_TRADE_TOT_MTH(5.1.0),AE,M,AED,FCSC,MTH_SEC,TTRADE,_T,_Z,_Z,2018-10,131869813951.46,,,,0
FCSA:DF_TRADE_TOT_MTH(5.1.0),AE,M,AED,FCSC,MTH_SEC,TTRADE,_T,_Z,_Z,2018-11,130042356666.00,,,,0
FCSA:DF_TRADE_TOT_MTH(5.1.0),AE,M,AED,FCSC,MTH_SEC,TTRADE,_T,_Z,_Z,2018-12,132942993699.79,,,,0
FCSA:DF_TRADE_TOT_MTH(5.1.0),AE,M,AED,FCSC,MTH_SEC,TTRADE,_T,_Z,_Z,2019-01,134643215664.79,,,,0
FCSA:DF_TRADE_TOT_MTH(5.1.0),AE,M,AED,FCSC,MTH_SEC,TTRADE,_T,_Z,_Z,2019-02,121547908175.94,,,,0
FCSA:DF_TRADE_TOT_MTH(5.1.0),AE,M,AED,FCSC,MTH_SEC,TTRADE,_T,_Z,_Z,2019-03,139599190321.81,,,,0
FCSA:DF_TRADE_TOT_MTH(5.1.0),AE,M,AED,FCSC,MTH_SEC,TTRADE,_T,_Z,_Z,2019-04,137667670022.13,,,,0
FCSA:DF_TRADE_TOT_MTH(5.1.0),AE,M,AED,FCSC,MTH_SEC,TTRADE,_T,_Z,_Z,2019-05,133570563240.93,,,,0
FCSA:DF_TRADE_TOT_MTH(5.1.0),AE,M,AED,FCSC,MTH_SEC,TTRADE,_T,_Z,_Z,2019-06,118917995828.33,,,,0
FCSA:DF_TRADE_TOT_MTH(5.1.0),AE,M,AED,FCSC,MTH_SEC,TTRADE,_T,_Z,_Z,2019-07,140626102405.60,,,,0
FCSA:DF_TRADE_TOT_MTH(5.1.0),AE,M,AED,FCSC,MTH_SEC,TTRADE,_T,_Z,_Z,2019-08,119554646385.66,,,,0
FCSA:DF_TRADE_TOT_MTH(5.1.0),AE,M,AED,FCSC,MTH_SEC,TTRADE,_T,_Z,_Z,2019-09,138911535619.36,,,,0
FCSA:DF_TRADE_TOT_MTH(5.1.0),AE,M,AED,FCSC,MTH_SEC,TTRADE,_T,_Z,_Z,2019-10,145828597284.37,,,,0
FCSA:DF_TRADE_TOT_MTH(5.1.0),AE,M,AED,FCSC,MTH_SEC,TTRADE,_T,_Z,_Z,2019-11,135685636611.84,,,,0
FCSA:DF_TRADE_TOT_MTH(5.1.0),AE,M,AED,FCSC,MTH_SEC,TTRADE,_T,_Z,_Z,2019-12,136945473661.53,,,,0
FCSA:DF_TRADE_TOT_MTH(5.1.0),AE,M,AED,FCSC,MTH_SEC,TTRADE,_T,_Z,_Z,2020-01,134743982058.18,,,,0
FCSA:DF_TRADE_TOT_MTH(5.1.0),AE,M,AED,FCSC,MTH_SEC,TTRADE,_T,_Z,_Z,2020-02,134696388932.89,,,,0
FCSA:DF_TRADE_TOT_MTH(5.1.0),AE,M,AED,FCSC,MTH_SEC,TTRADE,_T,_Z,_Z,2020-03,117231904501.58,,,,0
FCSA:DF_TRADE_TOT_MTH(5.1.0),AE,M,AED,FCSC,MTH_SEC,TTRADE,_T,_Z,_Z,2020-04,79829616191.02,,,,0
FCSA:DF_TRADE_TOT_MTH(5.1.0),AE,M,AED,FCSC,MTH_SEC,TTRADE,_T,_Z,_Z,2020-05,90469279818.57,,,,0
FCSA:DF_TRADE_TOT_MTH(5.1.0),AE,M,AED,FCSC,MTH_SEC,TTRADE,_T,_Z,_Z,2020-06,106910989551.00,,,,0
FCSA:DF_TRADE_TOT_MTH(5.1.0),AE,M,AED,FCSC,MTH_SEC,TTRADE,_T,_Z,_Z,2020-07,104664280783.78,,,,0
FCSA:DF_TRADE_TOT_MTH(5.1.0),AE,M,AED,FCSC,MTH_SEC,TTRADE,_T,_Z,_Z,2020-08,123238084423.03,,,,0
FCSA:DF_TRADE_TOT_MTH(5.1.0),AE,M,AED,FCSC,MTH_SEC,TTRADE,_T,_Z,_Z,2020-09,125508757984.20,,,,0
FCSA:DF_TRADE_TOT_MTH(5.1.0),AE,M,AED,FCSC,MTH_SEC,TTRADE,_T,_Z,_Z,2020-10,120440070673.08,,,,0
FCSA:DF_TRADE_TOT_MTH(5.1.0),AE,M,AED,FCSC,MTH_SEC,TTRADE,_T,_Z,_Z,2020-11,131523957739.41,,,,0
FCSA:DF_TRADE_TOT_MTH(5.1.0),AE,M,AED,FCSC,MTH_SEC,TTRADE,_T,_Z,_Z,2020-12,133909462800.60,,,,0
FCSA:DF_TRADE_TOT_MTH(5.1.0),AE,M,AED,FCSC,MTH_SEC,TTRADE,_T,_Z,_Z,2021-01,132116384339.86,,,,0
FCSA:DF_TRADE_TOT_MTH(5.1.0),AE,M,AED,FCSC,MTH_SEC,TTRADE,_T,_Z,_Z,2021-02,125901341522.32,,,,0
FCSA:DF_TRADE_TOT_MTH(5.1.0),AE,M,AED,FCSC,MTH_SEC,TTRADE,_T,_Z,_Z,2021-03,159112760838.49,,,,0
FCSA:DF_TRADE_TOT_MTH(5.1.0),AE,M,AED,FCSC,MTH_SEC,TTRADE,_T,_Z,_Z,2021-04,140917348623.39,,,,0
FCSA:DF_TRADE_TOT_MTH(5.1.0),AE,M,AED,FCSC,MTH_SEC,TTRADE,_T,_Z,_Z,2021-05,141940968742.34,,,,0
FCSA:DF_TRADE_TOT_MTH(5.1.0),AE,M,AED,FCSC,MTH_SEC,TTRADE,_T,_Z,_Z,2021-06,151059207304.87,,,,0
FCSA:DF_TRADE_TOT_MTH(5.1.0),AE,M,AED,FCSC,MTH_SEC,TTRADE,_T,_Z,_Z,2021-07,132641656378.71,,,,0
FCSA:DF_TRADE_TOT_MTH(5.1.0),AE,M,AED,FCSC,MTH_SEC,TTRADE,_T,_Z,_Z,2021-08,151759003092.12,,,,0
FCSA:DF_TRADE_TOT_MTH(5.1.0),AE,M,AED,FCSC,MTH_SEC,TTRADE,_T,_Z,_Z,2021-09,154892506970.00,,,,0
FCSA:DF_TRADE_TOT_MTH(5.1.0),AE,M,AED,FCSC,MTH_SEC,TTRADE,_T,_Z,_Z,2021-10,159946236052.96,,,,0
FCSA:DF_TRADE_TOT_MTH(5.1.0),AE,M,AED,FCSC,MTH_SEC,TTRADE,_T,_Z,_Z,2021-11,170213046157.82,,,,0
FCSA:DF_TRADE_TOT_MTH(5.1.0),AE,M,AED,FCSC,MTH_SEC,TTRADE,_T,_Z,_Z,2021-12,166025320450.31,,,,0
FCSA:DF_TRADE_TOT_MTH(5.1.0),AE,M,AED,FCSC,MTH_SEC,TTRADE,_T,_Z,_Z,2022-01,159845460348.06,,,,0
FCSA:DF_TRADE_TOT_MTH(5.1.0),AE,M,AED,FCSC,MTH_SEC,TTRADE,_T,_Z,_Z,2022-02,161156069080.30,,,,0
FCSA:DF_TRADE_TOT_MTH(5.1.0),AE,M,AED,FCSC,MTH_SEC,TTRADE,_T,_Z,_Z,2022-03,194512179281.70,,,,0
FCSA:DF_TRADE_TOT_MTH(5.1.0),AE,M,AED,FCSC,MTH_SEC,TTRADE,_T,_Z,_Z,2022-04,168862498324.16,,,,0
FCSA:DF_TRADE_TOT_MTH(5.1.0),AE,M,AED,FCSC,MTH_SEC,TTRADE,_T,_Z,_Z,2022-05,162438831047.75,,,,0
FCSA:DF_TRADE_TOT_MTH(5.1.0),AE,M,AED,FCSC,MTH_SEC,TTRADE,_T,_Z,_Z,2022-06,180952514055.23,,,,0
FCSA:DF_TRADE_TOT_MTH(5.1.0),AE,M,AED,FCSC,MTH_SEC,TTRADE,_T,_Z,_Z,2022-07,174318844987.77,,,,0
FCSA:DF_TRADE_TOT_MTH(5.1.0),AE,M,AED,FCSC,MTH_SEC,TTRADE,_T,_Z,_Z,2022-08,188849362818.32,,,,0
FCSA:DF_TRADE_TOT_MTH(5.1.0),AE,M,AED,FCSC,MTH_SEC,TTRADE,_T,_Z,_Z,2022-09,197375757350.83,,,,0
FCSA:DF_TRADE_TOT_MTH(5.1.0),AE,M,AED,FCSC,MTH_SEC,TTRADE,_T,_Z,_Z,2022-10,188271757158.33,,,,0
FCSA:DF_TRADE_TOT_MTH(5.1.0),AE,M,AED,FCSC,MTH_SEC,TTRADE,_T,_Z,_Z,2022-11,197419538028.70,,,,0
FCSA:DF_TRADE_TOT_MTH(5.1.0),AE,M,AED,FCSC,MTH_SEC,TTRADE,_T,_Z,_Z,2022-12,193095984530.77,,,,0
FCSA:DF_TRADE_TOT_MTH(5.1.0),AE,M,AED,FCSC,MTH_SEC,TTRADE,_T,_Z,_Z,2023-01,194211055640.81,,,,0
FCSA:DF_TRADE_TOT_MTH(5.1.0),AE,M,AED,FCSC,MTH_SEC,TTRADE,_T,_Z,_Z,2023-02,203906290240.21,,,,0
FCSA:DF_TRADE_TOT_MTH(5.1.0),AE,M,AED,FCSC,MTH_SEC,TTRADE,_T,_Z,_Z,2023-03,215976733716.66,,,,0
FCSA:DF_TRADE_TOT_MTH(5.1.0),AE,M,AED,FCSC,MTH_SEC,TTRADE,_T,_Z,_Z,2023-04,173792780900.19,,,,0
FCSA:DF_TRADE_TOT_MTH(5.1.0),AE,M,AED,FCSC,MTH_SEC,TTRADE,_T,_Z,_Z,2023-05,217649612056.25,,,,0
FCSA:DF_TRADE_TOT_MTH(5.1.0),AE,M,AED,FCSC,MTH_SEC,TTRADE,_T,_Z,_Z,2023-06,183320382363.53,,,,0
FCSA:DF_TRADE_TOT_MTH(5.1.0),AE,M,AED,FCSC,MTH_SEC,TTRADE,_T,_Z,_Z,2023-07,197851701905.77,,,,0
FCSA:DF_TRADE_TOT_MTH(5.1.0),AE,M,AED,FCSC,MTH_SEC,TTRADE,_T,_Z,_Z,2023-08,211159431848.94,,,,0
FCSA:DF_TRADE_TOT_MTH(5.1.0),AE,M,AED,FCSC,MTH_SEC,TTRADE,_T,_Z,_Z,2023-09,200142207376.06,,,,0
FCSA:DF_TRADE_TOT_MTH(5.1.0),AE,M,AED,FCSC,MTH_SEC,TTRADE,_T,_Z,_Z,2023-10,227357050993.96,,,,0
FCSA:DF_TRADE_TOT_MTH(5.1.0),AE,M,AED,FCSC,MTH_SEC,TTRADE,_T,_Z,_Z,2023-11,224245925091.83,,,,0
FCSA:DF_TRADE_TOT_MTH(5.1.0),AE,M,AED,FCSC,MTH_SEC,TTRADE,_T,_Z,_Z,2023-12,226481047912.39,,,,0
FCSA:DF_TRADE_TOT_MTH(5.1.0),AE,M,AED,FCSC,MTH_SEC,TTRADE,_T,_Z,_Z,2024-01,215163772942.32,,,,0
FCSA:DF_TRADE_TOT_MTH(5.1.0),AE,M,AED,FCSC,MTH_SEC,TTRADE,_T,_Z,_Z,2024-02,222381085785.02,,,,0
FCSA:DF_TRADE_TOT_MTH(5.1.0),AE,M,AED,FCSC,MTH_SEC,TTRADE,_T,_Z,_Z,2024-03,229768117114.17,,,,0
FCSA:DF_TRADE_TOT_MTH(5.1.0),AE,M,AED,FCSC,MTH_SEC,TTRADE,_T,_Z,_Z,2024-04,192238464255.12,,,,0
FCSA:DF_TRADE_TOT_MTH(5.1.0),AE,M,AED,FCSC,MTH_SEC,TTRADE,_T,_Z,_Z,2024-05,240825071370.77,,,,0
FCSA:DF_TRADE_TOT_MTH(5.1.0),AE,M,AED,FCSC,MTH_SEC,TTRADE,_T,_Z,_Z,2024-06,211669792045.29,,,,0
FCSA:DF_TRADE_TOT_MTH(5.1.0),AE,M,AED,FCSC,MTH_SEC,TTRADE,_T,_Z,_Z,2024-07,238676496534.24,,,,0
FCSA:DF_TRADE_TOT_MTH(5.1.0),AE,M,AED,FCSC,MTH_SEC,TTRADE,_T,_Z,_Z,2024-08,236925805921.82,,,,0
FCSA:DF_TRADE_TOT_MTH(5.1.0),AE,M,AED,FCSC,MTH_SEC,TTRADE,_T,_Z,_Z,2024-09,238403034670.05,,,,0
FCSA:DF_TRADE_TOT_MTH(5.1.0),AE,M,AED,FCSC,MTH_SEC,TTRADE,_T,_Z,_Z,2024-10,266656668914.72,,,,0
FCSA:DF_TRADE_TOT_MTH(5.1.0),AE,M,AED,FCSC,MTH_SEC,TTRADE,_T,_Z,_Z,2024-11,259723932827.90,,,,0
FCSA:DF_TRADE_TOT_MTH(5.1.0),AE,M,AED,FCSC,MTH_SEC,TTRADE,_T,_Z,_Z,2024-12,248350029340.55,,,,0
FCSA:DF_TRADE_TOT_MTH(5.1.0),AE,M,AED,FCSC,MTH_SEC,TTRADE,_T,_Z,_Z,2025-01,264053076788.93,,,,
FCSA:DF_TRADE_TOT_MTH(5.1.0),AE,M,AED,FCSC,MTH_SEC,TTRADE,_T,_Z,_Z,2025-02,252999360128.70,,,,
FCSA:DF_TRADE_TOT_MTH(5.1.0),AE,M,AED,FCSC,MTH_SEC,TTRADE,_T,_Z,_Z,2025-03,263636062587.73,,,,
FCSA:DF_TRADE_TOT_MTH(5.1.0),AE,M,AED,FCSC,MTH_SEC,REEXP,_T,_Z,_Z,2017-01,30523310953.70,,,,0
FCSA:DF_TRADE_TOT_MTH(5.1.0),AE,M,AED,FCSC,MTH_SEC,REEXP,_T,_Z,_Z,2017-02,33626180499.41,,,,0
FCSA:DF_TRADE_TOT_MTH(5.1.0),AE,M,AED,FCSC,MTH_SEC,REEXP,_T,_Z,_Z,2017-03,35433418153.61,,,,0
FCSA:DF_TRADE_TOT_MTH(5.1.0),AE,M,AED,FCSC,MTH_SEC,REEXP,_T,_Z,_Z,2017-04,31021367466.13,,,,0
FCSA:DF_TRADE_TOT_MTH(5.1.0),AE,M,AED,FCSC,MTH_SEC,REEXP,_T,_Z,_Z,2017-05,35620904175.89,,,,0
FCSA:DF_TRADE_TOT_MTH(5.1.0),AE,M,AED,FCSC,MTH_SEC,REEXP,_T,_Z,_Z,2017-06,28917986127.25,,,,0
FCSA:DF_TRADE_TOT_MTH(5.1.0),AE,M,AED,FCSC,MTH_SEC,REEXP,_T,_Z,_Z,2017-07,32930690814.07,,,,0
FCSA:DF_TRADE_TOT_MTH(5.1.0),AE,M,AED,FCSC,MTH_SEC,REEXP,_T,_Z,_Z,2017-08,32174623871.94,,,,0
FCSA:DF_TRADE_TOT_MTH(5.1.0),AE,M,AED,FCSC,MTH_SEC,REEXP,_T,_Z,_Z,2017-09,31520322787.17,,,,0
FCSA:DF_TRADE_TOT_MTH(5.1.0),AE,M,AED,FCSC,MTH_SEC,REEXP,_T,_Z,_Z,2017-10,34702375406.39,,,,0
FCSA:DF_TRADE_TOT_MTH(5.1.0),AE,M,AED,FCSC,MTH_SEC,REEXP,_T,_Z,_Z,2017-11,35976245298.53,,,,0
FCSA:DF_TRADE_TOT_MTH(5.1.0),AE,M,AED,FCSC,MTH_SEC,REEXP,_T,_Z,_Z,2017-12,37860886254.91,,,,0
FCSA:DF_TRADE_TOT_MTH(5.1.0),AE,M,AED,FCSC,MTH_SEC,REEXP,_T,_Z,_Z,2018-01,33168891968.94,,,,0
FCSA:DF_TRADE_TOT_MTH(5.1.0),AE,M,AED,FCSC,MTH_SEC,REEXP,_T,_Z,_Z,2018-02,36718557811.44,,,,0
FCSA:DF_TRADE_TOT_MTH(5.1.0),AE,M,AED,FCSC,MTH_SEC,REEXP,_T,_Z,_Z,2018-03,38480144443.82,,,,0
FCSA:DF_TRADE_TOT_MTH(5.1.0),AE,M,AED,FCSC,MTH_SEC,REEXP,_T,_Z,_Z,2018-04,40137705863.01,,,,0
FCSA:DF_TRADE_TOT_MTH(5.1.0),AE,M,AED,FCSC,MTH_SEC,REEXP,_T,_Z,_Z,2018-05,38212330806.08,,,,0
FCSA:DF_TRADE_TOT_MTH(5.1.0),AE,M,AED,FCSC,MTH_SEC,REEXP,_T,_Z,_Z,2018-06,33084570430.93,,,,0
FCSA:DF_TRADE_TOT_MTH(5.1.0),AE,M,AED,FCSC,MTH_SEC,REEXP,_T,_Z,_Z,2018-07,38774489389.17,,,,0
FCSA:DF_TRADE_TOT_MTH(5.1.0),AE,M,AED,FCSC,MTH_SEC,REEXP,_T,_Z,_Z,2018-08,28755935737.14,,,,0
FCSA:DF_TRADE_TOT_MTH(5.1.0),AE,M,AED,FCSC,MTH_SEC,REEXP,_T,_Z,_Z,2018-09,34734992275.26,,,,0
FCSA:DF_TRADE_TOT_MTH(5.1.0),AE,M,AED,FCSC,MTH_SEC,REEXP,_T,_Z,_Z,2018-10,36900899602.26,,,,0
FCSA:DF_TRADE_TOT_MTH(5.1.0),AE,M,AED,FCSC,MTH_SEC,REEXP,_T,_Z,_Z,2018-11,36464280606.30,,,,0
FCSA:DF_TRADE_TOT_MTH(5.1.0),AE,M,AED,FCSC,MTH_SEC,REEXP,_T,_Z,_Z,2018-12,36118586611.95,,,,0
FCSA:DF_TRADE_TOT_MTH(5.1.0),AE,M,AED,FCSC,MTH_SEC,REEXP,_T,_Z,_Z,2019-01,38228239368.57,,,,0
FCSA:DF_TRADE_TOT_MTH(5.1.0),AE,M,AED,FCSC,MTH_SEC,REEXP,_T,_Z,_Z,2019-02,36498354753.80,,,,0
FCSA:DF_TRADE_TOT_MTH(5.1.0),AE,M,AED,FCSC,MTH_SEC,REEXP,_T,_Z,_Z,2019-03,40964135045.87,,,,0
FCSA:DF_TRADE_TOT_MTH(5.1.0),AE,M,AED,FCSC,MTH_SEC,REEXP,_T,_Z,_Z,2019-04,40143602680.30,,,,0
FCSA:DF_TRADE_TOT_MTH(5.1.0),AE,M,AED,FCSC,MTH_SEC,REEXP,_T,_Z,_Z,2019-05,38294016234.87,,,,0
FCSA:DF_TRADE_TOT_MTH(5.1.0),AE,M,AED,FCSC,MTH_SEC,REEXP,_T,_Z,_Z,2019-06,32493241175.95,,,,0
FCSA:DF_TRADE_TOT_MTH(5.1.0),AE,M,AED,FCSC,MTH_SEC,REEXP,_T,_Z,_Z,2019-07,40939740833.09,,,,0
FCSA:DF_TRADE_TOT_MTH(5.1.0),AE,M,AED,FCSC,MTH_SEC,REEXP,_T,_Z,_Z,2019-08,32640227732.58,,,,0
FCSA:DF_TRADE_TOT_MTH(5.1.0),AE,M,AED,FCSC,MTH_SEC,REEXP,_T,_Z,_Z,2019-09,37933399774.92,,,,0
FCSA:DF_TRADE_TOT_MTH(5.1.0),AE,M,AED,FCSC,MTH_SEC,REEXP,_T,_Z,_Z,2019-10,41543487110.92,,,,0
FCSA:DF_TRADE_TOT_MTH(5.1.0),AE,M,AED,FCSC,MTH_SEC,REEXP,_T,_Z,_Z,2019-11,39720066895.09,,,,0
FCSA:DF_TRADE_TOT_MTH(5.1.0),AE,M,AED,FCSC,MTH_SEC,REEXP,_T,_Z,_Z,2019-12,38011837379.87,,,,0
FCSA:DF_TRADE_TOT_MTH(5.1.0),AE,M,AED,FCSC,MTH_SEC,REEXP,_T,_Z,_Z,2020-01,37506338271.62,,,,0
FCSA:DF_TRADE_TOT_MTH(5.1.0),AE,M,AED,FCSC,MTH_SEC,REEXP,_T,_Z,_Z,2020-02,37666122394.46,,,,0
FCSA:DF_TRADE_TOT_MTH(5.1.0),AE,M,AED,FCSC,MTH_SEC,REEXP,_T,_Z,_Z,2020-03,29984069323.94,,,,0
FCSA:DF_TRADE_TOT_MTH(5.1.0),AE,M,AED,FCSC,MTH_SEC,REEXP,_T,_Z,_Z,2020-04,17808311759.29,,,,0
FCSA:DF_TRADE_TOT_MTH(5.1.0),AE,M,AED,FCSC,MTH_SEC,REEXP,_T,_Z,_Z,2020-05,22138147544.67,,,,0
FCSA:DF_TRADE_TOT_MTH(5.1.0),AE,M,AED,FCSC,MTH_SEC,REEXP,_T,_Z,_Z,2020-06,28032021159.99,,,,0
FCSA:DF_TRADE_TOT_MTH(5.1.0),AE,M,AED,FCSC,MTH_SEC,REEXP,_T,_Z,_Z,2020-07,27146715169.01,,,,0
FCSA:DF_TRADE_TOT_MTH(5.1.0),AE,M,AED,FCSC,MTH_SEC,REEXP,_T,_Z,_Z,2020-08,29258974562.61,,,,0
FCSA:DF_TRADE_TOT_MTH(5.1.0),AE,M,AED,FCSC,MTH_SEC,REEXP,_T,_Z,_Z,2020-09,32285279527.17,,,,0
FCSA:DF_TRADE_TOT_MTH(5.1.0),AE,M,AED,FCSC,MTH_SEC,REEXP,_T,_Z,_Z,2020-10,31023958381.53,,,,0
FCSA:DF_TRADE_TOT_MTH(5.1.0),AE,M,AED,FCSC,MTH_SEC,REEXP,_T,_Z,_Z,2020-11,34975296185.82,,,,0
FCSA:DF_TRADE_TOT_MTH(5.1.0),AE,M,AED,FCSC,MTH_SEC,REEXP,_T,_Z,_Z,2020-12,35587892549.00,,,,0
FCSA:DF_TRADE_TOT_MTH(5.1.0),AE,M,AED,FCSC,MTH_SEC,REEXP,_T,_Z,_Z,2021-01,33503558142.61,,,,0
FCSA:DF_TRADE_TOT_MTH(5.1.0),AE,M,AED,FCSC,MTH_SEC,REEXP,_T,_Z,_Z,2021-02,33744940962.58,,,,0
FCSA:DF_TRADE_TOT_MTH(5.1.0),AE,M,AED,FCSC,MTH_SEC,REEXP,_T,_Z,_Z,2021-03,41965719488.29,,,,0
FCSA:DF_TRADE_TOT_MTH(5.1.0),AE,M,AED,FCSC,MTH_SEC,REEXP,_T,_Z,_Z,2021-04,35324425438.37,,,,0
FCSA:DF_TRADE_TOT_MTH(5.1.0),AE,M,AED,FCSC,MTH_SEC,REEXP,_T,_Z,_Z,2021-05,34388150159.12,,,,0
FCSA:DF_TRADE_TOT_MTH(5.1.0),AE,M,AED,FCSC,MTH_SEC,REEXP,_T,_Z,_Z,2021-06,37966422110.30,,,,0
FCSA:DF_TRADE_TOT_MTH(5.1.0),AE,M,AED,FCSC,MTH_SEC,REEXP,_T,_Z,_Z,2021-07,32865306520.79,,,,0
FCSA:DF_TRADE_TOT_MTH(5.1.0),AE,M,AED,FCSC,MTH_SEC,REEXP,_T,_Z,_Z,2021-08,40167499764.06,,,,0
FCSA:DF_TRADE_TOT_MTH(5.1.0),AE,M,AED,FCSC,MTH_SEC,REEXP,_T,_Z,_Z,2021-09,41668697777.16,,,,0
FCSA:DF_TRADE_TOT_MTH(5.1.0),AE,M,AED,FCSC,MTH_SEC,REEXP,_T,_Z,_Z,2021-10,41669497928.22,,,,0
FCSA:DF_TRADE_TOT_MTH(5.1.0),AE,M,AED,FCSC,MTH_SEC,REEXP,_T,_Z,_Z,2021-11,45973445285.03,,,,0
FCSA:DF_TRADE_TOT_MTH(5.1.0),AE,M,AED,FCSC,MTH_SEC,REEXP,_T,_Z,_Z,2021-12,44025774277.28,,,,0
FCSA:DF_TRADE_TOT_MTH(5.1.0),AE,M,AED,FCSC,MTH_SEC,REEXP,_T,_Z,_Z,2022-01,41932870649.44,,,,0
FCSA:DF_TRADE_TOT_MTH(5.1.0),AE,M,AED,FCSC,MTH_SEC,REEXP,_T,_Z,_Z,2022-02,45481496311.18,,,,0
FCSA:DF_TRADE_TOT_MTH(5.1.0),AE,M,AED,FCSC,MTH_SEC,REEXP,_T,_Z,_Z,2022-03,53979876458.57,,,,0
FCSA:DF_TRADE_TOT_MTH(5.1.0),AE,M,AED,FCSC,MTH_SEC,REEXP,_T,_Z,_Z,2022-04,45710295399.60,,,,0
FCSA:DF_TRADE_TOT_MTH(5.1.0),AE,M,AED,FCSC,MTH_SEC,REEXP,_T,_Z,_Z,2022-05,42148408770.82,,,,0
FCSA:DF_TRADE_TOT_MTH(5.1.0),AE,M,AED,FCSC,MTH_SEC,REEXP,_T,_Z,_Z,2022-06,51263588530.08,,,,0
FCSA:DF_TRADE_TOT_MTH(5.1.0),AE,M,AED,FCSC,MTH_SEC,REEXP,_T,_Z,_Z,2022-07,45024832422.48,,,,0
FCSA:DF_TRADE_TOT_MTH(5.1.0),AE,M,AED,FCSC,MTH_SEC,REEXP,_T,_Z,_Z,2022-08,51361578554.58,,,,0
FCSA:DF_TRADE_TOT_MTH(5.1.0),AE,M,AED,FCSC,MTH_SEC,REEXP,_T,_Z,_Z,2022-09,51953773838.53,,,,0
FCSA:DF_TRADE_TOT_MTH(5.1.0),AE,M,AED,FCSC,MTH_SEC,REEXP,_T,_Z,_Z,2022-10,50735005218.16,,,,0
FCSA:DF_TRADE_TOT_MTH(5.1.0),AE,M,AED,FCSC,MTH_SEC,REEXP,_T,_Z,_Z,2022-11,53875020108.23,,,,0
FCSA:DF_TRADE_TOT_MTH(5.1.0),AE,M,AED,FCSC,MTH_SEC,REEXP,_T,_Z,_Z,2022-12,49333728810.30,,,,0
FCSA:DF_TRADE_TOT_MTH(5.1.0),AE,M,AED,FCSC,MTH_SEC,REEXP,_T,_Z,_Z,2023-01,46899567025.82,,,,0
FCSA:DF_TRADE_TOT_MTH(5.1.0),AE,M,AED,FCSC,MTH_SEC,REEXP,_T,_Z,_Z,2023-02,59763400182.04,,,,0
FCSA:DF_TRADE_TOT_MTH(5.1.0),AE,M,AED,FCSC,MTH_SEC,REEXP,_T,_Z,_Z,2023-03,53238578548.08,,,,0
FCSA:DF_TRADE_TOT_MTH(5.1.0),AE,M,AED,FCSC,MTH_SEC,REEXP,_T,_Z,_Z,2023-04,42007825035.18,,,,0
FCSA:DF_TRADE_TOT_MTH(5.1.0),AE,M,AED,FCSC,MTH_SEC,REEXP,_T,_Z,_Z,2023-05,54215527372.92,,,,0
FCSA:DF_TRADE_TOT_MTH(5.1.0),AE,M,AED,FCSC,MTH_SEC,REEXP,_T,_Z,_Z,2023-06,46638473687.91,,,,0
FCSA:DF_TRADE_TOT_MTH(5.1.0),AE,M,AED,FCSC,MTH_SEC,REEXP,_T,_Z,_Z,2023-07,50902276283.44,,,,0
FCSA:DF_TRADE_TOT_MTH(5.1.0),AE,M,AED,FCSC,MTH_SEC,REEXP,_T,_Z,_Z,2023-08,52366585547.56,,,,0
FCSA:DF_TRADE_TOT_MTH(5.1.0),AE,M,AED,FCSC,MTH_SEC,REEXP,_T,_Z,_Z,2023-09,51307653579.74,,,,0
FCSA:DF_TRADE_TOT_MTH(5.1.0),AE,M,AED,FCSC,MTH_SEC,REEXP,_T,_Z,_Z,2023-10,54262600951.59,,,,0
FCSA:DF_TRADE_TOT_MTH(5.1.0),AE,M,AED,FCSC,MTH_SEC,REEXP,_T,_Z,_Z,2023-11,53317062389.93,,,,0
FCSA:DF_TRADE_TOT_MTH(5.1.0),AE,M,AED,FCSC,MTH_SEC,REEXP,_T,_Z,_Z,2023-12,51251140731.35,,,,0
FCSA:DF_TRADE_TOT_MTH(5.1.0),AE,M,AED,FCSC,MTH_SEC,REEXP,_T,_Z,_Z,2024-01,51008668385.28,,,,0
FCSA:DF_TRADE_TOT_MTH(5.1.0),AE,M,AED,FCSC,MTH_SEC,REEXP,_T,_Z,_Z,2024-02,53981071730.58,,,,0
FCSA:DF_TRADE_TOT_MTH(5.1.0),AE,M,AED,FCSC,MTH_SEC,REEXP,_T,_Z,_Z,2024-03,52713106715.90,,,,0
FCSA:DF_TRADE_TOT_MTH(5.1.0),AE,M,AED,FCSC,MTH_SEC,REEXP,_T,_Z,_Z,2024-04,40954105554.00,,,,0
FCSA:DF_TRADE_TOT_MTH(5.1.0),AE,M,AED,FCSC,MTH_SEC,REEXP,_T,_Z,_Z,2024-05,55666976232.20,,,,0
FCSA:DF_TRADE_TOT_MTH(5.1.0),AE,M,AED,FCSC,MTH_SEC,REEXP,_T,_Z,_Z,2024-06,45196414495.79,,,,0
FCSA:DF_TRADE_TOT_MTH(5.1.0),AE,M,AED,FCSC,MTH_SEC,REEXP,_T,_Z,_Z,2024-07,51885172588.77,,,,0
FCSA:DF_TRADE_TOT_MTH(5.1.0),AE,M,AED,FCSC,MTH_SEC,REEXP,_T,_Z,_Z,2024-08,52411029654.18,,,,0
FCSA:DF_TRADE_TOT_MTH(5.1.0),AE,M,AED,FCSC,MTH_SEC,REEXP,_T,_Z,_Z,2024-09,51729491372.92,,,,0
FCSA:DF_TRADE_TOT_MTH(5.1.0),AE,M,AED,FCSC,MTH_SEC,REEXP,_T,_Z,_Z,2024-10,56314161022.00,,,,0
FCSA:DF_TRADE_TOT_MTH(5.1.0),AE,M,AED,FCSC,MTH_SEC,REEXP,_T,_Z,_Z,2024-11,60675607979.81,,,,0
FCSA:DF_TRADE_TOT_MTH(5.1.0),AE,M,AED,FCSC,MTH_SEC,REEXP,_T,_Z,_Z,2024-12,53297263323.21,,,,0
FCSA:DF_TRADE_TOT_MTH(5.1.0),AE,M,AED,FCSC,MTH_SEC,REEXP,_T,_Z,_Z,2025-01,54513363736.16,,,,
FCSA:DF_TRADE_TOT_MTH(5.1.0),AE,M,AED,FCSC,MTH_SEC,REEXP,_T,_Z,_Z,2025-02,53539043483.78,,,,
FCSA:DF_TRADE_TOT_MTH(5.1.0),AE,M,AED,FCSC,MTH_SEC,REEXP,_T,_Z,_Z,2025-03,52099056141.02,,,,
FCSA:DF_TRADE_TOT_MTH(5.1.0),AE,M,AED,FCSC,MTH_SEC,TNOEXP,_T,_Z,_Z,2017-01,44756299731.69,,,,0
FCSA:DF_TRADE_TOT_MTH(5.1.0),AE,M,AED,FCSC,MTH_SEC,TNOEXP,_T,_Z,_Z,2017-02,47385993390.49,,,,0
FCSA:DF_TRADE_TOT_MTH(5.1.0),AE,M,AED,FCSC,MTH_SEC,TNOEXP,_T,_Z,_Z,2017-03,51813796574.40,,,,0
FCSA:DF_TRADE_TOT_MTH(5.1.0),AE,M,AED,FCSC,MTH_SEC,TNOEXP,_T,_Z,_Z,2017-04,46753507554.62,,,,0
FCSA:DF_TRADE_TOT_MTH(5.1.0),AE,M,AED,FCSC,MTH_SEC,TNOEXP,_T,_Z,_Z,2017-05,51607013200.04,,,,0
FCSA:DF_TRADE_TOT_MTH(5.1.0),AE,M,AED,FCSC,MTH_SEC,TNOEXP,_T,_Z,_Z,2017-06,41003858849.10,,,,0
FCSA:DF_TRADE_TOT_MTH(5.1.0),AE,M,AED,FCSC,MTH_SEC,TNOEXP,_T,_Z,_Z,2017-07,49951713614.17,,,,0
FCSA:DF_TRADE_TOT_MTH(5.1.0),AE,M,AED,FCSC,MTH_SEC,TNOEXP,_T,_Z,_Z,2017-08,48075518700.26,,,,0
FCSA:DF_TRADE_TOT_MTH(5.1.0),AE,M,AED,FCSC,MTH_SEC,TNOEXP,_T,_Z,_Z,2017-09,45576869659.23,,,,0
FCSA:DF_TRADE_TOT_MTH(5.1.0),AE,M,AED,FCSC,MTH_SEC,TNOEXP,_T,_Z,_Z,2017-10,51500924675.12,,,,0
FCSA:DF_TRADE_TOT_MTH(5.1.0),AE,M,AED,FCSC,MTH_SEC,TNOEXP,_T,_Z,_Z,2017-11,50581420386.38,,,,0
FCSA:DF_TRADE_TOT_MTH(5.1.0),AE,M,AED,FCSC,MTH_SEC,TNOEXP,_T,_Z,_Z,2017-12,52339935592.65,,,,0
FCSA:DF_TRADE_TOT_MTH(5.1.0),AE,M,AED,FCSC,MTH_SEC,TNOEXP,_T,_Z,_Z,2018-01,50335654113.26,,,,0
FCSA:DF_TRADE_TOT_MTH(5.1.0),AE,M,AED,FCSC,MTH_SEC,TNOEXP,_T,_Z,_Z,2018-02,54059372612.78,,,,0
FCSA:DF_TRADE_TOT_MTH(5.1.0),AE,M,AED,FCSC,MTH_SEC,TNOEXP,_T,_Z,_Z,2018-03,55989510815.11,,,,0
FCSA:DF_TRADE_TOT_MTH(5.1.0),AE,M,AED,FCSC,MTH_SEC,TNOEXP,_T,_Z,_Z,2018-04,58235237188.50,,,,0
FCSA:DF_TRADE_TOT_MTH(5.1.0),AE,M,AED,FCSC,MTH_SEC,TNOEXP,_T,_Z,_Z,2018-05,55179509506.73,,,,0
FCSA:DF_TRADE_TOT_MTH(5.1.0),AE,M,AED,FCSC,MTH_SEC,TNOEXP,_T,_Z,_Z,2018-06,48655104922.44,,,,0
FCSA:DF_TRADE_TOT_MTH(5.1.0),AE,M,AED,FCSC,MTH_SEC,TNOEXP,_T,_Z,_Z,2018-07,56019958497.14,,,,0
FCSA:DF_TRADE_TOT_MTH(5.1.0),AE,M,AED,FCSC,MTH_SEC,TNOEXP,_T,_Z,_Z,2018-08,43955110888.02,,,,0
FCSA:DF_TRADE_TOT_MTH(5.1.0),AE,M,AED,FCSC,MTH_SEC,TNOEXP,_T,_Z,_Z,2018-09,53642462218.74,,,,0
FCSA:DF_TRADE_TOT_MTH(5.1.0),AE,M,AED,FCSC,MTH_SEC,TNOEXP,_T,_Z,_Z,2018-10,54062899136.80,,,,0
FCSA:DF_TRADE_TOT_MTH(5.1.0),AE,M,AED,FCSC,MTH_SEC,TNOEXP,_T,_Z,_Z,2018-11,53572074277.05,,,,0
FCSA:DF_TRADE_TOT_MTH(5.1.0),AE,M,AED,FCSC,MTH_SEC,TNOEXP,_T,_Z,_Z,2018-12,53893998161.09,,,,0
FCSA:DF_TRADE_TOT_MTH(5.1.0),AE,M,AED,FCSC,MTH_SEC,TNOEXP,_T,_Z,_Z,2019-01,58106164837.45,,,,0
FCSA:DF_TRADE_TOT_MTH(5.1.0),AE,M,AED,FCSC,MTH_SEC,TNOEXP,_T,_Z,_Z,2019-02,53605369984.42,,,,0
FCSA:DF_TRADE_TOT_MTH(5.1.0),AE,M,AED,FCSC,MTH_SEC,TNOEXP,_T,_Z,_Z,2019-03,64322182004.31,,,,0
FCSA:DF_TRADE_TOT_MTH(5.1.0),AE,M,AED,FCSC,MTH_SEC,TNOEXP,_T,_Z,_Z,2019-04,60308055711.51,,,,0
FCSA:DF_TRADE_TOT_MTH(5.1.0),AE,M,AED,FCSC,MTH_SEC,TNOEXP,_T,_Z,_Z,2019-05,56641132257.75,,,,0
FCSA:DF_TRADE_TOT_MTH(5.1.0),AE,M,AED,FCSC,MTH_SEC,TNOEXP,_T,_Z,_Z,2019-06,48499553757.02,,,,0
FCSA:DF_TRADE_TOT_MTH(5.1.0),AE,M,AED,FCSC,MTH_SEC,TNOEXP,_T,_Z,_Z,2019-07,62452201203.97,,,,0
FCSA:DF_TRADE_TOT_MTH(5.1.0),AE,M,AED,FCSC,MTH_SEC,TNOEXP,_T,_Z,_Z,2019-08,50322959555.42,,,,0
FCSA:DF_TRADE_TOT_MTH(5.1.0),AE,M,AED,FCSC,MTH_SEC,TNOEXP,_T,_Z,_Z,2019-09,57234398730.88,,,,0
FCSA:DF_TRADE_TOT_MTH(5.1.0),AE,M,AED,FCSC,MTH_SEC,TNOEXP,_T,_Z,_Z,2019-10,62928549666.78,,,,0
FCSA:DF_TRADE_TOT_MTH(5.1.0),AE,M,AED,FCSC,MTH_SEC,TNOEXP,_T,_Z,_Z,2019-11,57973361216.78,,,,0
FCSA:DF_TRADE_TOT_MTH(5.1.0),AE,M,AED,FCSC,MTH_SEC,TNOEXP,_T,_Z,_Z,2019-12,56253090508.36,,,,0
FCSA:DF_TRADE_TOT_MTH(5.1.0),AE,M,AED,FCSC,MTH_SEC,TNOEXP,_T,_Z,_Z,2020-01,57513965260.60,,,,0
FCSA:DF_TRADE_TOT_MTH(5.1.0),AE,M,AED,FCSC,MTH_SEC,TNOEXP,_T,_Z,_Z,2020-02,57431876184.01,,,,0
FCSA:DF_TRADE_TOT_MTH(5.1.0),AE,M,AED,FCSC,MTH_SEC,TNOEXP,_T,_Z,_Z,2020-03,49344295643.96,,,,0
FCSA:DF_TRADE_TOT_MTH(5.1.0),AE,M,AED,FCSC,MTH_SEC,TNOEXP,_T,_Z,_Z,2020-04,32163936744.04,,,,0
FCSA:DF_TRADE_TOT_MTH(5.1.0),AE,M,AED,FCSC,MTH_SEC,TNOEXP,_T,_Z,_Z,2020-05,39192904929.15,,,,0
FCSA:DF_TRADE_TOT_MTH(5.1.0),AE,M,AED,FCSC,MTH_SEC,TNOEXP,_T,_Z,_Z,2020-06,48093439918.31,,,,0
FCSA:DF_TRADE_TOT_MTH(5.1.0),AE,M,AED,FCSC,MTH_SEC,TNOEXP,_T,_Z,_Z,2020-07,48151256059.03,,,,0
FCSA:DF_TRADE_TOT_MTH(5.1.0),AE,M,AED,FCSC,MTH_SEC,TNOEXP,_T,_Z,_Z,2020-08,54912767228.38,,,,0
FCSA:DF_TRADE_TOT_MTH(5.1.0),AE,M,AED,FCSC,MTH_SEC,TNOEXP,_T,_Z,_Z,2020-09,59339026689.75,,,,0
FCSA:DF_TRADE_TOT_MTH(5.1.0),AE,M,AED,FCSC,MTH_SEC,TNOEXP,_T,_Z,_Z,2020-10,54178936086.91,,,,0
FCSA:DF_TRADE_TOT_MTH(5.1.0),AE,M,AED,FCSC,MTH_SEC,TNOEXP,_T,_Z,_Z,2020-11,59871334687.14,,,,0
FCSA:DF_TRADE_TOT_MTH(5.1.0),AE,M,AED,FCSC,MTH_SEC,TNOEXP,_T,_Z,_Z,2020-12,57860972155.06,,,,0
FCSA:DF_TRADE_TOT_MTH(5.1.0),AE,M,AED,FCSC,MTH_SEC,TNOEXP,_T,_Z,_Z,2021-01,56536081664.59,,,,0
FCSA:DF_TRADE_TOT_MTH(5.1.0),AE,M,AED,FCSC,MTH_SEC,TNOEXP,_T,_Z,_Z,2021-02,56185558965.50,,,,0
FCSA:DF_TRADE_TOT_MTH(5.1.0),AE,M,AED,FCSC,MTH_SEC,TNOEXP,_T,_Z,_Z,2021-03,71268904743.46,,,,0
FCSA:DF_TRADE_TOT_MTH(5.1.0),AE,M,AED,FCSC,MTH_SEC,TNOEXP,_T,_Z,_Z,2021-04,62855632107.78,,,,0
FCSA:DF_TRADE_TOT_MTH(5.1.0),AE,M,AED,FCSC,MTH_SEC,TNOEXP,_T,_Z,_Z,2021-05,62849312525.76,,,,0
FCSA:DF_TRADE_TOT_MTH(5.1.0),AE,M,AED,FCSC,MTH_SEC,TNOEXP,_T,_Z,_Z,2021-06,67840204932.17,,,,0
FCSA:DF_TRADE_TOT_MTH(5.1.0),AE,M,AED,FCSC,MTH_SEC,TNOEXP,_T,_Z,_Z,2021-07,56615493619.43,,,,0
FCSA:DF_TRADE_TOT_MTH(5.1.0),AE,M,AED,FCSC,MTH_SEC,TNOEXP,_T,_Z,_Z,2021-08,69799027544.31,,,,0
FCSA:DF_TRADE_TOT_MTH(5.1.0),AE,M,AED,FCSC,MTH_SEC,TNOEXP,_T,_Z,_Z,2021-09,70391825839.99,,,,0
FCSA:DF_TRADE_TOT_MTH(5.1.0),AE,M,AED,FCSC,MTH_SEC,TNOEXP,_T,_Z,_Z,2021-10,70896227617.49,,,,0
FCSA:DF_TRADE_TOT_MTH(5.1.0),AE,M,AED,FCSC,MTH_SEC,TNOEXP,_T,_Z,_Z,2021-11,76980404850.20,,,,0
FCSA:DF_TRADE_TOT_MTH(5.1.0),AE,M,AED,FCSC,MTH_SEC,TNOEXP,_T,_Z,_Z,2021-12,72673612957.74,,,,0
FCSA:DF_TRADE_TOT_MTH(5.1.0),AE,M,AED,FCSC,MTH_SEC,TNOEXP,_T,_Z,_Z,2022-01,68866230318.77,,,,0
FCSA:DF_TRADE_TOT_MTH(5.1.0),AE,M,AED,FCSC,MTH_SEC,TNOEXP,_T,_Z,_Z,2022-02,72055328594.92,,,,0
FCSA:DF_TRADE_TOT_MTH(5.1.0),AE,M,AED,FCSC,MTH_SEC,TNOEXP,_T,_Z,_Z,2022-03,90875628612.33,,,,0
FCSA:DF_TRADE_TOT_MTH(5.1.0),AE,M,AED,FCSC,MTH_SEC,TNOEXP,_T,_Z,_Z,2022-04,75067774508.67,,,,0
FCSA:DF_TRADE_TOT_MTH(5.1.0),AE,M,AED,FCSC,MTH_SEC,TNOEXP,_T,_Z,_Z,2022-05,70262028264.65,,,,0
FCSA:DF_TRADE_TOT_MTH(5.1.0),AE,M,AED,FCSC,MTH_SEC,TNOEXP,_T,_Z,_Z,2022-06,82469812746.37,,,,0
FCSA:DF_TRADE_TOT_MTH(5.1.0),AE,M,AED,FCSC,MTH_SEC,TNOEXP,_T,_Z,_Z,2022-07,75764089058.51,,,,0
FCSA:DF_TRADE_TOT_MTH(5.1.0),AE,M,AED,FCSC,MTH_SEC,TNOEXP,_T,_Z,_Z,2022-08,84470989139.47,,,,0
FCSA:DF_TRADE_TOT_MTH(5.1.0),AE,M,AED,FCSC,MTH_SEC,TNOEXP,_T,_Z,_Z,2022-09,85479969720.15,,,,0
FCSA:DF_TRADE_TOT_MTH(5.1.0),AE,M,AED,FCSC,MTH_SEC,TNOEXP,_T,_Z,_Z,2022-10,79241670412.32,,,,0
FCSA:DF_TRADE_TOT_MTH(5.1.0),AE,M,AED,FCSC,MTH_SEC,TNOEXP,_T,_Z,_Z,2022-11,84898307058.58,,,,0
FCSA:DF_TRADE_TOT_MTH(5.1.0),AE,M,AED,FCSC,MTH_SEC,TNOEXP,_T,_Z,_Z,2022-12,81693004728.23,,,,0
FCSA:DF_TRADE_TOT_MTH(5.1.0),AE,M,AED,FCSC,MTH_SEC,TNOEXP,_T,_Z,_Z,2023-01,81878595484.72,,,,0
FCSA:DF_TRADE_TOT_MTH(5.1.0),AE,M,AED,FCSC,MTH_SEC,TNOEXP,_T,_Z,_Z,2023-02,89671191587.38,,,,0
FCSA:DF_TRADE_TOT_MTH(5.1.0),AE,M,AED,FCSC,MTH_SEC,TNOEXP,_T,_Z,_Z,2023-03,88943843926.87,,,,0
FCSA:DF_TRADE_TOT_MTH(5.1.0),AE,M,AED,FCSC,MTH_SEC,TNOEXP,_T,_Z,_Z,2023-04,72652468270.84,,,,0
FCSA:DF_TRADE_TOT_MTH(5.1.0),AE,M,AED,FCSC,MTH_SEC,TNOEXP,_T,_Z,_Z,2023-05,94149522365.08,,,,0
FCSA:DF_TRADE_TOT_MTH(5.1.0),AE,M,AED,FCSC,MTH_SEC,TNOEXP,_T,_Z,_Z,2023-06,74407363044.11,,,,0
FCSA:DF_TRADE_TOT_MTH(5.1.0),AE,M,AED,FCSC,MTH_SEC,TNOEXP,_T,_Z,_Z,2023-07,79796721454.50,,,,0
FCSA:DF_TRADE_TOT_MTH(5.1.0),AE,M,AED,FCSC,MTH_SEC,TNOEXP,_T,_Z,_Z,2023-08,89052309431.60,,,,0
FCSA:DF_TRADE_TOT_MTH(5.1.0),AE,M,AED,FCSC,MTH_SEC,TNOEXP,_T,_Z,_Z,2023-09,84890394448.13,,,,0
FCSA:DF_TRADE_TOT_MTH(5.1.0),AE,M,AED,FCSC,MTH_SEC,TNOEXP,_T,_Z,_Z,2023-10,92468669230.63,,,,0
FCSA:DF_TRADE_TOT_MTH(5.1.0),AE,M,AED,FCSC,MTH_SEC,TNOEXP,_T,_Z,_Z,2023-11,93973696525.11,,,,0
FCSA:DF_TRADE_TOT_MTH(5.1.0),AE,M,AED,FCSC,MTH_SEC,TNOEXP,_T,_Z,_Z,2023-12,95179778140.22,,,,0
FCSA:DF_TRADE_TOT_MTH(5.1.0),AE,M,AED,FCSC,MTH_SEC,TNOEXP,_T,_Z,_Z,2024-01,92303370660.27,,,,0
FCSA:DF_TRADE_TOT_MTH(5.1.0),AE,M,AED,FCSC,MTH_SEC,TNOEXP,_T,_Z,_Z,2024-02,92221988528.82,,,,0
FCSA:DF_TRADE_TOT_MTH(5.1.0),AE,M,AED,FCSC,MTH_SEC,TNOEXP,_T,_Z,_Z,2024-03,95421718411.55,,,,0
FCSA:DF_TRADE_TOT_MTH(5.1.0),AE,M,AED,FCSC,MTH_SEC,TNOEXP,_T,_Z,_Z,2024-04,78140434941.08,,,,0
FCSA:DF_TRADE_TOT_MTH(5.1.0),AE,M,AED,FCSC,MTH_SEC,TNOEXP,_T,_Z,_Z,2024-05,103204835624.47,,,,0
FCSA:DF_TRADE_TOT_MTH(5.1.0),AE,M,AED,FCSC,MTH_SEC,TNOEXP,_T,_Z,_Z,2024-06,86088975151.47,,,,0
FCSA:DF_TRADE_TOT_MTH(5.1.0),AE,M,AED,FCSC,MTH_SEC,TNOEXP,_T,_Z,_Z,2024-07,102471164619.78,,,,0
FCSA:DF_TRADE_TOT_MTH(5.1.0),AE,M,AED,FCSC,MTH_SEC,TNOEXP,_T,_Z,_Z,2024-08,100490904957.23,,,,0
FCSA:DF_TRADE_TOT_MTH(5.1.0),AE,M,AED,FCSC,MTH_SEC,TNOEXP,_T,_Z,_Z,2024-09,99268667552.35,,,,0
FCSA:DF_TRADE_TOT_MTH(5.1.0),AE,M,AED,FCSC,MTH_SEC,TNOEXP,_T,_Z,_Z,2024-10,108345911141.25,,,,0
FCSA:DF_TRADE_TOT_MTH(5.1.0),AE,M,AED,FCSC,MTH_SEC,TNOEXP,_T,_Z,_Z,2024-11,110988261548.92,,,,0
FCSA:DF_TRADE_TOT_MTH(5.1.0),AE,M,AED,FCSC,MTH_SEC,TNOEXP,_T,_Z,_Z,2024-12,98773672911.02,,,,0
FCSA:DF_TRADE_TOT_MTH(5.1.0),AE,M,AED,FCSC,MTH_SEC,TNOEXP,_T,_Z,_Z,2025-01,109654625882.22,,,,
FCSA:DF_TRADE_TOT_MTH(5.1.0),AE,M,AED,FCSC,MTH_SEC,TNOEXP,_T,_Z,_Z,2025-02,110839507798.19,,,,
FCSA:DF_TRADE_TOT_MTH(5.1.0),AE,M,AED,FCSC,MTH_SEC,TNOEXP,_T,_Z,_Z,2025-03,112389494839.49,,,,
